X,genus,X,species,subttype,subtaxa,native_status,rarity_status,invasive_status
,Ruellia,,humilis,,,N,H,
,Acer,,ginnala,,,I,,
,Acer,,negundo,,,N,,
,Acer,,negundo,var.,interius,N,,
,Acer,,negundo,var.,negundo,N,,
,Acer,,nigrum,,,N,,
,Acer,,platanoides,,,I,,
,Acer,,rubrum,,,N,,
,Acer,,saccharinum,,,N,,
,Acer,,saccharum,,,N,,
,Acer,,spicatum,,,N,,
,Acorus,,americanus,,,N,,
,Adoxa,,moschatellina,,,N,,
,Alisma,,gramineum,,,N,SC,
,Alisma,,subcordatum,,,N,,
,Alisma,,triviale,,,N,,
,Sagittaria,,brevirostra,,,N,E,
,Sagittaria,,calycina,var.,calycina,N,T,
,Sagittaria,,cristata,,,N,,
,Sagittaria,,cuneata,,,N,,
,Sagittaria,,latifolia,,,N,,
,Sagittaria,,rigida,,,N,,
,Amaranthus,,albus,,,N,,
,Amaranthus,,blitoides,,,I,,
,Amaranthus,,hybridus,,,I,,
,Amaranthus,,powellii,,,I,,
,Amaranthus,,retroflexus,,,I,,
,Amaranthus,,tuberculatus,,,N,,
,Chenopodium,,album,,,I,,
,Chenopodium,,berlandieri,,,N,,
,Chenopodium,,berlandieri,var.,bushianum,N,,
,Chenopodium,,berlandieri,var.,zschackei,N,,
,Chenopodium,,capitatum,var.,capitatum,N,,
,Chenopodium,,desiccatum,,,N,,
,Chenopodium,,glaucum,,,N,,
,Chenopodium,,glaucum,var.,glaucum,N,,
,Chenopodium,,glaucum,var.,salinum,N,,
,Chenopodium,,pratericola,,,N,,
,Chenopodium,,rubrum,,,N,,
,Chenopodium,,rubrum,var.,humile,N,,
,Chenopodium,,rubrum,var.,rubrum,N,,
,Chenopodium,,simplex,,,N,,
,Chenopodium,,standleyanum,,,N,,
,Froelichia,,floridana,,,N,,
,Rhus,X,borealis,,,N,,
,Rhus,,glabra,,,N,,
,Rhus,,hirta,,,N,,
,Toxicodendron,,radicans,subsp.,negundo,N,,SN
,Toxicodendron,,rydbergii,,,N,,
,Toxicodendron,,vernix,,,N,,
,Aegopodium,,podagraria,,,I,,
,Aethusa,,cynapium,,,I,,
,Anethum,,graveolens,,,I,,
,Angelica,,atropurpurea,,,N,,
,Anthriscus,,sylvestris,,,I,,
,Berula,,erecta,,,N,SC,
,Carum,,carvi,,,I,,
,Cicuta,,bulbifera,,,N,,
,Cicuta,,maculata,var.,maculata,N,,
,Conium,,maculatum,,,I,,
,Cryptotaenia,,canadensis,,,N,,
,Cymopterus,,glomeratus,,,N,SC,
,Daucus,,carota,,,I,,
,Eryngium,,yuccifolium,,,N,SC,
,Heracleum,,lanatum,,,N,,
,Hydrocotyle,,americana,,,N,SC,
,Hydrocotyle,,ranunculoides,,,N,,
,Lomatium,,orientale,,,N,,
,Osmorhiza,,berteroi,,,N,E,
,Osmorhiza,,claytonii,,,N,,
,Osmorhiza,,depauperata,,,N,SC,
,Osmorhiza,,longistylis,,,N,,
,Oxypolis,,rigidior,,,N,W,
,Pastinaca,,sativa,,,I,,SN
,Pimpinella,,saxifraga,,,I,,
,Polytaenia,,nuttallii,,,N,H,
,Sanicula,,canadensis,,,N,,
,Sanicula,,gregaria,,,N,,
,Sanicula,,marilandica,,,N,,
,Sanicula,,trifoliata,,,N,SC,
,Sium,,suave,,,N,,
,Taenidia,,integerrima,,,N,SC,
,Thaspium,,barbinode,,,N,SC,
,Torilis,,japonica,,,I,,
,Zizia,,aptera,,,N,,
,Zizia,,aurea,,,N,,
,Apocynum,,androsaemifolium,,,N,,
,Apocynum,,cannabinum,,,N,,
,Apocynum,X,floribundum,,,N,,
,Apocynum,,sibiricum,,,N,,
,Ilex,,verticillata,,,N,,
,Nemopanthus,,mucronatus,,,N,,
,Arisaema,,dracontium,,,N,SC,
,Arisaema,,triphyllum,,,N,,
,Calla,,palustris,,,N,,
,Peltandra,,virginica,,,I,,
,Symplocarpus,,foetidus,,,N,,
,Aralia,,hispida,,,N,,
,Aralia,,nudicaulis,,,N,,
,Aralia,,racemosa,,,N,,
,Panax,,quinquefolius,,,N,T,
,Panax,,trifolius,,,N,,
,Asarum,,canadense,,,N,,
,Asclepias,,amplexicaulis,,,N,T,
,Asclepias,,exaltata,,,N,,
,Asclepias,,hirtella,,,N,T,
,Asclepias,,incarnata,subsp.,incarnata,N,,
,Asclepias,,lanuginosa,,,N,,
,Asclepias,,ovalifolia,,,N,,
,Asclepias,,purpurascens,,,N,H,
,Asclepias,,speciosa,,,N,,
,Asclepias,,stenophylla,,,N,E,
,Asclepias,,sullivantii,,,N,T,
,Asclepias,,syriaca,,,N,,
,Asclepias,,tuberosa,var.,interior,N,,
,Asclepias,,verticillata,,,N,,
,Asclepias,,viridiflora,,,N,,
,Asplenium,,platyneuron,,,N,SC,
,Asplenium,,rhizophyllum,,,N,,
,Asplenium,,trichomanes,subsp.,trichomanes,N,T,
,Achillea,,alpina,,,N,T,
,Achillea,,millefolium,,,U,,
,Achillea,,ptarmica,,,I,,
,Ageratina,,altissima,var.,altissima,N,,
,Agoseris,,glauca,var.,glauca,N,,
,Ambrosia,,acanthicarpa,,,I,,
,Ambrosia,,artemisiifolia,,,N,,
,Ambrosia,,psilostachya,,,N,,
,Ambrosia,,trifida,,,N,,
,Anaphalis,,margaritacea,,,N,,
,Antennaria,,howellii,,,N,,
,Antennaria,,howellii,subsp.,canadensis,N,,
,Antennaria,,howellii,subsp.,neodioica,N,,
,Antennaria,,howellii,subsp.,petaloidea,N,,
,Antennaria,,microphylla,,,N,,
,Antennaria,,neglecta,,,N,,
,Antennaria,,parlinii,,,N,,
,Antennaria,,parlinii,subsp.,fallax,N,,
,Antennaria,,parlinii,subsp.,parlinii,N,,
,Antennaria,,parvifolia,,,N,SC,
,Antennaria,,plantaginifolia,,,N,,
,Anthemis,,cotula,,,I,,
,Arctium,,minus,,,I,,
,Arnica,,lonchophylla,,,N,T,
,Arnoglossum,,plantagineum,,,N,T,
,Arnoglossum,,reniforme,,,N,T,
,Artemisia,,abrotanum,,,I,,
,Artemisia,,absinthium,,,I,,
,Artemisia,,biennis,,,I,,
,Artemisia,,campestris,subsp.,caudata,N,,
,Artemisia,,dracunculus,,,N,,
,Artemisia,,frigida,,,N,,
,Artemisia,,ludoviciana,subsp.,ludoviciana,N,,
,Artemisia,,serrata,,,N,,
,Artemisia,,vulgaris,,,I,,
,Bidens,,beckii,,,N,,
,Bidens,,cernua,,,N,,
,Bidens,,connata,,,N,,
,Bidens,,discoidea,,,N,SC,
,Bidens,,frondosa,,,N,,
,Bidens,,trichosperma,,,N,,
,Bidens,,tripartita,,,N,,
,Bidens,,vulgata,,,N,,
,Boltonia,,asteroides,,,N,,
,Boltonia,,asteroides,var.,latisquama,N,,
,Boltonia,,asteroides,var.,recognita,N,,
,Brickellia,,eupatorioides,var.,corymbulosa,N,,
,Canadanthus,,modestus,,,N,W,
,Carduus,,acanthoides,subsp.,acanthoides,I,,"SN,PS"
,Carduus,,nutans,,,I,,"SN,PS"
,Centaurea,,cyanus,,,I,,
,Centaurea,,stoebe,subsp.,micranthos,I,,SN
,Cichorium,,intybus,,,I,,
,Cirsium,,altissimum,,,N,,
,Cirsium,,arvense,,,I,,"SN,PS"
,Cirsium,,discolor,,,N,,
,Cirsium,,flodmanii,,,N,,
,Cirsium,,muticum,,,N,,
,Cirsium,,pumilum,var.,hillii,N,SC,
,Cirsium,,vulgare,,,I,,PS
,Conyza,,canadensis,,,N,,
,Conyza,,ramosissima,,,N,,
,Coreopsis,,lanceolata,,,I,,
,Coreopsis,,palmata,,,N,,
,Coreopsis,,tinctoria,,,I,,
,Cota,,tinctoria,,,I,,
,Crepis,,runcinata,subsp.,runcinata,N,,
,Crepis,,tectorum,,,I,,
,Cyclachaena,,xanthifolia,,,N,,
,Doellingeria,,umbellata,,,N,,
,Doellingeria,,umbellata,var.,pubens,N,,
,Doellingeria,,umbellata,var.,umbellata,N,,
,Dyssodia,,papposa,,,I,H,
,Echinacea,,angustifolia,,,N,,
,Eclipta,,prostrata,,,I,,
,Erechtites,,hieraciifolius,var.,hieraciifolius,N,,
,Erigeron,,acris,var.,kamtschaticus,N,E,
,Erigeron,,annuus,,,N,,
,Erigeron,,glabellus,var.,pubescens,N,,
,Erigeron,,lonchophyllus,,,N,T,
,Erigeron,,philadelphicus,var.,philadelphicus,N,,
,Erigeron,,pulchellus,,,N,,
,Erigeron,,pulchellus,var.,pulchellus,N,,
,Erigeron,,pulchellus,var.,tolsteadii,N,W,
,Erigeron,,strigosus,,,N,,
,Erigeron,,strigosus,var.,septentrionalis,N,,
,Erigeron,,strigosus,var.,strigosus,N,,
,Eupatorium,,altissimum,,,N,,
,Eupatorium,,perfoliatum,,,N,,
,Eupatorium,,sessilifolium,,,N,T,
,Eurybia,,macrophylla,,,N,,
,Euthamia,,graminifolia,,,N,,
,Euthamia,,gymnospermoides,,,N,,
,Eutrochium,,maculatum,,,N,,
,Eutrochium,,maculatum,var.,bruneri,N,,
,Eutrochium,,maculatum,var.,foliosum,N,H,
,Eutrochium,,maculatum,var.,maculatum,N,,
,Eutrochium,,purpureum,,,N,,
,Eutrochium,,purpureum,var.,holzingeri,N,,
,Eutrochium,,purpureum,var.,purpureum,N,,
,Gaillardia,,aristata,,,N,SC,
,Gaillardia,,pulchella,,,I,,
,Galinsoga,,parviflora,var.,parviflora,I,,
,Galinsoga,,quadriradiata,,,I,,
,Gnaphalium,,uliginosum,,,I,,
,Grindelia,,hirsutula,,,N,,
,Grindelia,,squarrosa,,,N,,
,Hasteola,,suaveolens,,,N,E,
,Helenium,,autumnale,,,N,,
,Helianthus,,annuus,,,N,,
,Helianthus,,giganteus,,,N,,
,Helianthus,,grosseserratus,,,N,,
,Helianthus,,hirsutus,,,N,,
,Helianthus,X,laetiflorus,,,N,,
,Helianthus,,maximiliani,,,N,,
,Helianthus,,nuttallii,subsp.,rydbergii,N,SC,
,Helianthus,,occidentalis,subsp.,occidentalis,N,,
,Helianthus,,pauciflorus,,,N,,
,Helianthus,,pauciflorus,subsp.,pauciflorus,N,,
,Helianthus,,pauciflorus,subsp.,subrhomboideus,N,,
,Helianthus,,petiolaris,subsp.,petiolaris,N,,
,Helianthus,,strumosus,,,N,,
,Helianthus,,tuberosus,,,N,,
,Heliopsis,,helianthoides,var.,scabra,N,,
,Heterotheca,,stenophylla,var.,angustifolia,N,,
,Heterotheca,,villosa,,,N,,
,Heterotheca,,villosa,var.,ballardii,N,,
,Heterotheca,,villosa,var.,foliosa,N,,
,Heterotheca,,villosa,var.,minor,N,,
,Heterotheca,,villosa,var.,villosa,N,,
,Hieracium,,aurantiacum,,,I,,
,Hieracium,,caespitosum,,,I,,
,Hieracium,X,floribundum,,,N,,
,Hieracium,,longipilum,,,N,W,
,Hieracium,,pilosella,,,I,,
,Hieracium,,piloselloides,,,I,,
,Hieracium,,scabrum,,,N,,
,Hieracium,,umbellatum,,,N,,
,Hieracium,,vulgatum,,,I,,
,Inula,,helenium,,,I,,
,Krigia,,biflora,,,N,,
,Lactuca,,biennis,,,N,,
,Lactuca,,canadensis,,,N,,
,Lactuca,,floridana,,,N,H,
,Lactuca,,ludoviciana,,,N,,
,Lactuca,,serriola,,,I,,
,Lapsana,,communis,,,I,,
,Leucanthemella,,serotina,,,I,,
,Leucanthemum,,vulgare,,,I,,
,Liatris,,aspera,,,N,,
,Liatris,,cylindracea,,,N,,
,Liatris,,ligulistylis,,,N,,
,Liatris,,punctata,var.,punctata,N,,
,Liatris,,pycnostachya,var.,pycnostachya,N,,
,Logfia,,arvensis,,,I,,
,Lygodesmia,,juncea,,,N,,
,Madia,,glomerata,,,I,,
,Matricaria,,chamomilla,,,I,,
,Matricaria,,discoidea,,,I,,
,Mulgedium,,pulchellum,,,N,,
,Nothocalais,,cuspidata,,,N,,
,Packera,,aurea,,,N,,
,Packera,,cana,,,N,E,
,Packera,,indecora,,,N,E,
,Packera,,paupercula,,,N,,
,Packera,,plattensis,,,N,,
,Packera,,pseudaurea,var.,semicordata,N,,
,Parthenium,,integrifolium,,,N,E,
,Petasites,,frigidus,,,N,,
,Petasites,,frigidus,var.,palmatus,N,,
,Petasites,,frigidus,var.,sagittatus,N,,
,Petasites,,frigidus,var.,vitifolius,N,,
,Polymnia,,canadensis,,,N,,
,Prenanthes,,alba,,,N,,
,Prenanthes,,aspera,,,N,,
,Prenanthes,,crepidinea,,,N,H,
,Prenanthes,,racemosa,,,N,,
,Pseudognaphalium,,macounii,,,N,,
,Pseudognaphalium,,obtusifolium,,,N,,
,Ratibida,,columnifera,,,N,,
,Ratibida,,pinnata,,,N,,
,Rudbeckia,,hirta,var.,pulcherrima,N,,
,Rudbeckia,,laciniata,var.,laciniata,N,,
,Rudbeckia,,subtomentosa,,,N,W,
,Rudbeckia,,triloba,var.,triloba,N,T,
,Senecio,,integerrimus,var.,integerrimus,N,,
,Senecio,,vulgaris,,,I,,
,Shinnersoseris,,rostrata,,,N,T,
,Silphium,,laciniatum,,,N,,
,Silphium,,perfoliatum,var.,perfoliatum,N,,
,Solidago,,altissima,,,N,,
,Solidago,,altissima,subsp.,altissima,N,,
,Solidago,,altissima,subsp.,gilvocanescens,N,,
,Solidago,X,bernardii,,,N,,
,Solidago,,canadensis,,,N,,
,Solidago,,canadensis,var.,canadensis,N,,
,Solidago,,canadensis,var.,hargeri,N,,
,Solidago,,flexicaulis,,,N,,
,Solidago,,gigantea,,,N,,
,Solidago,,hispida,,,N,,
,Solidago,,juncea,,,N,,
,Solidago,,missouriensis,,,N,,
,Solidago,,mollis,,,N,SC,
,Solidago,,nemoralis,,,N,,
,Solidago,,nemoralis,subsp.,decemflora,N,,
,Solidago,,nemoralis,subsp.,nemoralis,N,,
,Solidago,,ptarmicoides,,,N,,
,Solidago,,riddellii,,,N,,
,Solidago,,rigida,,,N,,
,Solidago,,rigida,subsp.,humilis,N,,
,Solidago,,rigida,subsp.,rigida,N,,
,Solidago,,sciaphila,,,N,,
,Solidago,,speciosa,,,N,,
,Solidago,,speciosa,var.,rigidiuscula,N,,
,Solidago,,speciosa,var.,speciosa,N,,
,Solidago,,uliginosa,,,N,,
,Solidago,,ulmifolia,var.,ulmifolia,N,,
,Sonchus,,arvensis,,,I,,PS
,Sonchus,,arvensis,subsp.,arvensis,I,,PS
,Sonchus,,arvensis,subsp.,uliginosus,I,,PS
,Sonchus,,asper,,,I,,
,Sonchus,,oleraceus,,,I,,
,Symphyotrichum,X,amethystinum,,,N,,
,Symphyotrichum,,boreale,,,N,,
,Symphyotrichum,,ciliatum,,,I,,
,Symphyotrichum,,ciliolatum,,,N,,
,Symphyotrichum,,cordifolium,,,N,,
,Symphyotrichum,,drummondii,var.,drummondii,N,,
,Symphyotrichum,,ericoides,,,N,,
,Symphyotrichum,,ericoides,var.,ericoides,N,,
,Symphyotrichum,,ericoides,var.,pansum,N,,
,Symphyotrichum,,falcatum,var.,commutatum,N,,
,Symphyotrichum,,firmum,,,N,,
,Symphyotrichum,,laeve,,,N,,
,Symphyotrichum,,laeve,var.,geyeri,N,H,
,Symphyotrichum,,laeve,var.,laeve,N,,
,Symphyotrichum,,lanceolatum,,,N,,
,Symphyotrichum,,lanceolatum,var.,hesperium,N,,
,Symphyotrichum,,lanceolatum,var.,interior,N,,
,Symphyotrichum,,lanceolatum,var.,lanceolatum,N,,
,Symphyotrichum,,lateriflorum,,,N,,
,Symphyotrichum,X,longulum,,,N,,
,Symphyotrichum,,novae-angliae,,,N,,
,Symphyotrichum,,oblongifolium,,,N,,
,Symphyotrichum,,ontarionis,var.,ontarionis,N,,
,Symphyotrichum,,oolentangiense,,,N,,
,Symphyotrichum,,pilosum,,,N,W,
,Symphyotrichum,,pilosum,var.,pilosum,N,W,
,Symphyotrichum,,pilosum,var.,pringlei,N,W,
,Symphyotrichum,,praealtum,,,N,,
,Symphyotrichum,,prenanthoides,,,N,,
,Symphyotrichum,,puniceum,var.,puniceum,N,,
,Symphyotrichum,,sericeum,,,N,,
,Symphyotrichum,,shortii,,,N,SC,
,Symphyotrichum,,urophyllum,,,N,,
,Tanacetum,,parthenium,,,I,,
,Tanacetum,,vulgare,,,I,,SN
,Taraxacum,,erythrospermum,,,I,,
,Taraxacum,,officinale,,,I,,
,Tephroseris,,palustris,,,N,,
,Tragopogon,,dubius,,,I,,
,Tragopogon,,pratensis,,,I,,
,Tripleurospermum,,inodorum,,,I,,
,Vernonia,,fasciculata,,,N,,
,Xanthisma,,spinulosum,var.,spinulosum,N,SC,
,Xanthium,,strumarium,,,N,,
,Azolla,,mexicana,,,N,SC,
,Impatiens,,capensis,,,N,,
,Impatiens,,pallida,,,N,,
,Berberis,,thunbergii,,,I,,
,Berberis,,vulgaris,,,I,,
,Caulophyllum,,thalictroides,,,N,,
,Jeffersonia,,diphylla,,,N,SC,
,Podophyllum,,peltatum,,,N,,
,Alnus,,incana,subsp.,rugosa,N,,
,Alnus,,viridis,subsp.,crispa,N,,
,Betula,,alleghaniensis,,,N,,
,Betula,,cordifolia,,,N,,
,Betula,,nigra,,,N,,
,Betula,,papyrifera,,,N,,
,Betula,,pumila,,,N,,
,Betula,X,purpusii,,,N,,
,Betula,X,rosendahlii,,,N,,
,Betula,X,sandbergii,,,N,,
,Carpinus,,caroliniana,subsp.,virginiana,N,,
,Corylus,,americana,,,N,,
,Corylus,,cornuta,subsp.,cornuta,N,,
,Ostrya,,virginiana,,,N,,
,Catalpa,,speciosa,,,I,,
,Anchusa,,arvensis,,,I,,
,Cynoglossum,,officinale,,,I,,
,Cynoglossum,,virginianum,var.,boreale,N,,
,Echium,,vulgare,,,I,,
,Hackelia,,deflexa,var.,americana,N,,
,Hackelia,,virginiana,,,N,,
,Lappula,,redowskii,,,I,,
,Lappula,,squarrosa,,,I,,
,Lithospermum,,canescens,,,N,,
,Lithospermum,,caroliniense,var.,croceum,N,,
,Lithospermum,,incisum,,,N,,
,Lithospermum,,latifolium,,,N,,
,Mertensia,,paniculata,,,N,,
,Mertensia,,virginica,,,N,,
,Myosotis,,arvensis,,,I,,
,Myosotis,,laxa,,,N,,
,Myosotis,,scorpioides,,,I,,
,Myosotis,,verna,,,N,,
,Onosmodium,,molle,,,N,,
,Onosmodium,,molle,var.,hispidissimum,N,,
,Onosmodium,,molle,var.,occidentale,N,,
,Plagiobothrys,,scouleri,var.,penicillatus,N,SC,
,Symphytum,,officinale,,,I,,
,Alliaria,,petiolata,,,I,,SN
,Alyssum,,alyssoides,,,I,,
,Arabidopsis,,lyrata,subsp.,lyrata,N,,
,Arabis,,laevigata,var.,laevigata,N,SC,
,Arabis,,pycnocarpa,var.,pycnocarpa,N,,
,Armoracia,,rusticana,,,I,,
,Barbarea,,orthoceras,,,I,,
,Barbarea,,vulgaris,,,I,,
,Berteroa,,incana,,,I,,RS
,Boechera,,canadensis,,,N,,
,Boechera,,collinsii,,,N,H,
,Boechera,,dentata,,,N,,
,Boechera,,grahamii,,,N,,
,Boechera,,missouriensis,,,N,,
,Boechera,,retrofracta,,,N,T,
,Boechera,,stricta,,,N,,
,Brassica,,juncea,,,I,,
,Brassica,,nigra,,,I,,
,Brassica,,rapa,,,I,,
,Camelina,,alyssum,,,I,,
,Camelina,,microcarpa,,,I,,
,Camelina,,sativa,,,I,,
,Capsella,,bursa-pastoris,,,I,,
,Cardamine,,bulbosa,,,N,,
,Cardamine,,concatenata,,,N,,
,Cardamine,,impatiens,,,N,,
,Cardamine,,parviflora,,,N,,
,Cardamine,,pensylvanica,,,N,,
,Cardamine,,pratensis,,,N,T,
,Conringia,,orientalis,,,I,,
,Descurainia,,incana,,,N,H,
,Descurainia,,pinnata,subsp.,brachycarpa,N,,
,Descurainia,,sophia,,,I,,
,Draba,,arabisans,,,N,SC,
,Draba,,cana,,,N,E,
,Draba,,nemorosa,,,N,,
,Draba,,norvegica,,,N,E,
,Draba,,reptans,,,N,,
,Erucastrum,,gallicum,,,I,,
,Erysimum,,asperum,,,N,,
,Erysimum,,cheiranthoides,,,I,,
,Erysimum,,inconspicuum,,,N,,
,Hesperis,,matronalis,,,I,,
,Iodanthus,,pinnatifidus,,,N,E,
,Lepidium,,campestre,,,I,,
,Lepidium,,densiflorum,,,N,,
,Lepidium,,draba,,,I,,PS
,Lepidium,,virginicum,subsp.,virginicum,N,,
,Lobularia,,maritima,,,I,,
,Nasturtium,,microphyllum,,,I,,
,Nasturtium,,officinale,,,I,,
,Neslia,,paniculata,,,I,,
,Physaria,,ludoviciana,,,N,E,
,Raphanus,,raphanistrum,,,I,,RS
,Rorippa,,aquatica,,,N,,
,Rorippa,,palustris,,,N,,
,Rorippa,,palustris,subsp.,hispida,N,,
,Rorippa,,palustris,subsp.,palustris,N,,
,Rorippa,,sessiliflora,,,N,SC,
,Rorippa,,sinuata,,,N,W,
,Rorippa,,sylvestris,,,I,W,
,Sinapis,,arvensis,,,I,,
,Sisymbrium,,altissimum,,,I,,
,Sisymbrium,,loeselii,,,I,,
,Sisymbrium,,officinale,,,I,,
,Subularia,,aquatica,subsp.,americana,N,T,
,Thlaspi,,arvense,,,I,,RS
,Turritis,,glabra,,,N,,
,Butomus,,umbellatus,,,I,,PI
,Brasenia,,schreberi,,,N,,
,Escobaria,,vivipara,,,N,E,
,Opuntia,,fragilis,,,N,,
,Opuntia,,macrorhiza,,,N,SC,
,Chamaecrista,,fasciculata,,,N,,
,Gleditsia,,triacanthos,,,N,W,
,Gymnocladus,,dioicus,,,N,SC,
,Callitriche,,hermaphroditica,,,N,,
,Callitriche,,heterophylla,,,N,T,
,Callitriche,,palustris,,,N,,
,Campanula,,americana,,,N,,
,Campanula,,aparinoides,,,N,,
,Campanula,,aparinoides,var.,aparinoides,N,,
,Campanula,,aparinoides,var.,grandiflora,N,,
,Campanula,,cervicaria,,,I,,
,Campanula,,rapunculoides,,,I,,
,Campanula,,rotundifolia,,,N,,
,Lobelia,,cardinalis,var.,cardinalis,N,,
,Lobelia,,dortmanna,,,N,,
,Lobelia,,inflata,,,N,,
,Lobelia,,kalmii,,,N,,
,Lobelia,,siphilitica,,,N,,
,Lobelia,,siphilitica,var.,ludoviciana,N,,
,Lobelia,,siphilitica,var.,siphilitica,N,,
,Lobelia,,spicata,,,N,,
,Lobelia,,spicata,var.,hirtella,N,,
,Lobelia,,spicata,var.,spicata,N,,
,Triodanis,,leptocarpa,,,N,H,
,Triodanis,,perfoliata,,,N,,
,Cannabis,,sativa,,,I,,PS
,Humulus,,japonicus,,,I,,
,Humulus,,lupulus,,,N,,
,Humulus,,lupulus,var.,lupuloides,N,,
,Humulus,,lupulus,var.,pubescens,N,,
,Diervilla,,lonicera,,,N,,
,Linnaea,,borealis,var.,longiflora,N,,
,Lonicera,X,bella,,,I,,
,Lonicera,,canadensis,,,N,,
,Lonicera,,dioica,,,N,,
,Lonicera,,dioica,var.,dioica,N,,
,Lonicera,,dioica,var.,glaucescens,N,,
,Lonicera,,hirsuta,,,N,,
,Lonicera,,morrowii,,,I,,
,Lonicera,,oblongifolia,,,N,,
,Lonicera,,reticulata,,,N,,
,Lonicera,,tatarica,,,I,,
,Lonicera,,villosa,,,N,,
,Sambucus,,canadensis,var.,canadensis,N,,
,Sambucus,,racemosa,var.,pubens,N,,
,Symphoricarpos,,albus,,,N,,
,Symphoricarpos,,occidentalis,,,N,,
,Triosteum,,aurantiacum,,,N,,
,Triosteum,,perfoliatum,,,N,,
,Viburnum,,edule,,,N,,
,Viburnum,,lentago,,,N,,
,Viburnum,,opulus,,,I,,
,Viburnum,,rafinesquianum,,,N,,
,Viburnum,,rafinesquianum,var.,affine,N,,
,Viburnum,,rafinesquianum,var.,rafinesquianum,N,,
,Viburnum,,trilobum,,,N,,
,Agrostemma,,githago,var.,githago,I,,
,Arenaria,,serpyllifolia,var.,serpyllifolia,I,,
,Cerastium,,arvense,,,N,,
,Cerastium,,arvense,subsp.,arvense,I,,
,Cerastium,,arvense,subsp.,strictum,N,,
,Cerastium,,brachypodum,,,N,,
,Cerastium,,fontanum,subsp.,vulgare,I,,
,Cerastium,,nutans,var.,nutans,N,,
,Dianthus,,armeria,subsp.,armeria,I,,
,Gypsophila,,muralis,,,I,,
,Gypsophila,,paniculata,,,I,,
,Minuartia,,dawsonensis,,,N,T,
,Moehringia,,lateriflora,,,N,,
,Moehringia,,macrophylla,,,N,T,
,Myosoton,,aquaticum,,,I,,
,Paronychia,,canadensis,,,N,E,
,Paronychia,,fastigiata,var.,fastigiata,N,E,
,Petrorhagia,,saxifraga,var.,saxifraga,I,,
,Sagina,,nodosa,subsp.,borealis,N,E,
,Sagina,,procumbens,,,I,,
,Saponaria,,officinalis,,,I,,
,Scleranthus,,annuus,subsp.,annuus,I,,
,Silene,,antirrhina,,,N,,
,Silene,,armeria,,,I,,
,Silene,,csereii,,,I,,
,Silene,,dichotoma,subsp.,dichotoma,I,,
,Silene,,dioica,,,I,,
,Silene,,drummondii,subsp.,drummondii,N,SC,
,Silene,,flos-cuculi,subsp.,flos-cuculi,I,,
,Silene,,latifolia,,,I,,
,Silene,,nivea,,,N,T,
,Silene,,noctiflora,,,I,,
,Silene,,stellata,,,N,,
,Silene,,vulgaris,subsp.,vulgaris,I,,
,Spergula,,arvensis,,,I,,
,Spergularia,,rubra,,,I,,
,Stellaria,,alsine,,,N,,
,Stellaria,,borealis,subsp.,borealis,N,,
,Stellaria,,crassifolia,,,N,,
,Stellaria,,graminea,,,I,,
,Stellaria,,longifolia,,,N,,
,Stellaria,,longipes,subsp.,longipes,N,SC,
,Stellaria,,media,,,I,,
,Vaccaria,,hispanica,,,I,,
,Celastrus,,orbiculatus,,,I,,SN
,Celastrus,,scandens,,,N,,
,Euonymus,,atropurpureus,,,N,,
,Ceratophyllum,,demersum,,,N,,
,Ceratophyllum,,echinatum,,,N,W,
,Atriplex,,patula,,,I,,
,Atriplex,,prostrata,,,N,,
,Axyris,,amaranthoides,,,I,,
,Corispermum,,americanum,var.,americanum,N,,
,Corispermum,,pallasii,,,I,,
,Corispermum,,villosum,,,N,W,
,Cycloloma,,atriplicifolium,,,N,,
,Dysphania,,botrys,,,I,,
,Kochia,,scoparia,subsp.,scoparia,I,,
,Monolepis,,nuttalliana,,,N,H,
,Salicornia,,rubra,,,N,T,
,Salsola,,collina,,,I,,
,Salsola,,tragus,,,I,,
,Suaeda,,calceoliformis,,,N,,
,Helianthemum,,bicknellii,,,N,,
,Helianthemum,,canadense,,,N,SC,
,Hudsonia,,tomentosa,,,N,T,
,Lechea,,intermedia,,,N,,
,Lechea,,stricta,,,N,,
,Lechea,,tenuifolia,,,N,E,
,Peritoma,,serrulata,,,I,,
,Polanisia,,dodecandra,,,N,,
,Polanisia,,dodecandra,subsp.,dodecandra,N,,
,Polanisia,,dodecandra,subsp.,trachysperma,N,,
,Polanisia,,jamesii,,,N,E,
,Hypericum,,boreale,,,N,,
,Hypericum,,ellipticum,,,N,,
,Hypericum,,kalmianum,,,U,,
,Hypericum,,majus,,,N,,
,Hypericum,,perforatum,,,I,,
,Hypericum,,punctatum,,,N,,
,Hypericum,,pyramidatum,,,N,,
,Triadenum,,fraseri,,,N,,
,Commelina,,erecta,,,N,E,
,Tradescantia,,bracteata,,,N,,
,Tradescantia,,occidentalis,var.,occidentalis,N,,
,Tradescantia,,ohiensis,,,N,,
,Calystegia,,sepium,,,N,,
,Calystegia,,spithamaea,,,N,,
,Convolvulus,,arvensis,,,I,,PS
,Cornus,,alternifolia,,,N,,
,Cornus,,amomum,var.,schuetzeana,N,,
,Cornus,,canadensis,,,N,,
,Cornus,,racemosa,,,N,,
,Cornus,,rugosa,,,N,,
,Cornus,,sericea,,,N,,
,Crassula,,aquatica,,,N,T,
,Hylotelephium,,telephium,,,I,,
,Phedimus,,aizoon,,,I,,
,Phedimus,,spurius,,,I,,
,Rhodiola,,integrifolia,subsp.,leedyi,N,E,
,Sedum,,acre,,,I,,
,Echinocystis,,lobata,,,N,,
,Sicyos,,angulatus,,,N,,
,Juniperus,,communis,var.,depressa,N,,
,Juniperus,,horizontalis,,,N,SC,
,Juniperus,,virginiana,var.,virginiana,N,,
,Thuja,,occidentalis,,,N,,
,Cuscuta,,cephalanthi,,,N,,
,Cuscuta,,coryli,,,N,,
,Cuscuta,,glomerata,,,N,,
,Cuscuta,,gronovii,var.,gronovii,N,,
,Cuscuta,,indecora,,,N,,
,Cuscuta,,megalocarpa,,,N,H,
,Cuscuta,,obtusiflora,var.,glandulosa,N,H,
,Cuscuta,,pentagona,,,N,,
,Cuscuta,,polygonorum,,,N,H,
,Bolboschoenus,,fluviatilis,,,N,,
,Bolboschoenus,,maritimus,subsp.,paludosus,N,,
,Bulbostylis,,capillaris,,,N,,
,Carex,,adusta,,,N,,
,Carex,,albursina,,,N,,
,Carex,,alopecoidea,,,N,,
,Carex,,annectens,,,N,SC,
,Carex,,aquatilis,,,N,,
,Carex,,aquatilis,var.,aquatilis,N,,
,Carex,,aquatilis,var.,substricta,N,,
,Carex,,arcta,,,N,,
,Carex,,arctata,,,N,,
,Carex,,assiniboinensis,,,N,,
,Carex,,atherodes,,,N,,
,Carex,,aurea,,,N,,
,Carex,,backii,,,N,,
,Carex,,bebbii,,,N,,
,Carex,,bicknellii,,,N,,
,Carex,,blanda,,,N,,
,Carex,,brevior,,,N,,
,Carex,,bromoides,subsp.,bromoides,N,,
,Carex,,brunnescens,,,N,,
,Carex,,brunnescens,subsp.,brunnescens,N,,
,Carex,,brunnescens,subsp.,sphaerostachya,N,,
,Carex,,buxbaumii,,,N,,
,Carex,,canescens,,,N,,
,Carex,,canescens,subsp.,canescens,N,,
,Carex,,canescens,subsp.,disjuncta,N,,
,Carex,,capillaris,,,N,W,
,Carex,,careyana,,,N,E,
,Carex,,castanea,,,N,,
,Carex,,cephaloidea,,,N,,
,Carex,,cephalophora,,,N,,
,Carex,,chordorrhiza,,,N,,
,Carex,,communis,var.,communis,N,,
,Carex,,comosa,,,N,,
,Carex,,conjuncta,,,N,T,
,Carex,,conoidea,,,N,,
,Carex,,crawei,,,N,,
,Carex,,crawfordii,,,N,,
,Carex,,crinita,var.,crinita,N,,
,Carex,,cristatella,,,N,,
,Carex,,crus-corvi,,,N,H,
,Carex,,cryptolepis,,,N,,
,Carex,,davisii,,,N,T,
,Carex,,debilis,var.,rudgei,N,W,
,Carex,,deflexa,var.,deflexa,N,,
,Carex,,deweyana,var.,deweyana,N,,
,Carex,,diandra,,,N,,
,Carex,,disperma,,,N,,
,Carex,,duriuscula,,,N,,
,Carex,,eburnea,,,N,,
,Carex,,echinata,subsp.,echinata,N,,
,Carex,,emoryi,,,N,,
,Carex,,exilis,,,N,SC,
,Carex,,festucacea,,,N,T,
,Carex,,filifolia,var.,filifolia,N,,
,Carex,,flava,,,N,SC,
,Carex,,foenea,,,N,,
,Carex,,formosa,,,N,E,
,Carex,,garberi,,,N,T,
,Carex,,gracillima,,,N,,
,Carex,,granularis,,,N,,
,Carex,,gravida,,,N,,
,Carex,,grayi,,,N,SC,
,Carex,,grisea,,,N,,
,Carex,,gynandra,,,N,,
,Carex,,gynocrates,,,N,,
,Carex,,hallii,,,N,SC,
,Carex,,haydenii,,,N,,
,Carex,,hirtifolia,,,N,,
,Carex,,hitchcockiana,,,N,,
,Carex,,hookerana,,,N,SC,
,Carex,,houghtoniana,,,N,,
,Carex,,hystericina,,,N,,
,Carex,,inops,subsp.,heliophila,N,,
,Carex,,interior,,,N,,
,Carex,,intumescens,,,N,,
,Carex,,jamesii,,,N,T,
,Carex,X,knieskernii,,,N,,
,Carex,,lacustris,,,N,,
,Carex,,laeviconica,,,N,,
,Carex,,laevivaginata,,,N,T,
,Carex,,lasiocarpa,subsp.,americana,N,,
,Carex,,lenticularis,var.,lenticularis,N,,
,Carex,,leptalea,,,N,,
,Carex,,leptonervia,,,N,,
,Carex,,limosa,,,N,,
,Carex,,livida,,,N,,
,Carex,,lucorum,var.,lucorum,N,,
,Carex,,lupulina,,,N,,
,Carex,,lurida,,,N,W,
,Carex,,magellanica,subsp.,irrigua,N,,
,Carex,,meadii,,,N,,
,Carex,,media,,,N,SC,
,Carex,,merritt-fernaldii,,,N,,
,Carex,,michauxiana,,,N,SC,
,Carex,,molesta,,,N,,
,Carex,,muehlenbergii,,,N,,
,Carex,,muehlenbergii,var.,enervis,N,,
,Carex,,muehlenbergii,var.,muehlenbergii,N,,
,Carex,,muskingumensis,,,N,SC,
,Carex,,normalis,,,N,,
,Carex,,novae-angliae,,,N,T,
,Carex,,obtusata,,,N,SC,
,Carex,,oligocarpa,,,N,,
,Carex,,oligosperma,,,N,,
,Carex,,ormostachya,,,N,SC,
,Carex,,pallescens,,,N,E,
,Carex,,pauciflora,,,N,,
,Carex,,peckii,,,N,,
,Carex,,pedunculata,,,N,,
,Carex,,pellita,,,N,,
,Carex,,pensylvanica,,,N,,
,Carex,,plantaginea,,,N,E,
,Carex,,praegracilis,,,N,,
,Carex,,prairea,,,N,,
,Carex,,praticola,,,N,SC,
,Carex,,projecta,,,N,,
,Carex,,pseudocyperus,,,N,,
,Carex,,radiata,,,N,,
,Carex,,retrorsa,,,N,,
,Carex,,richardsonii,,,N,,
,Carex,,rosea,,,N,,
,Carex,,rossii,,,N,T,
,Carex,,rostrata,,,N,,
,Carex,,sartwellii,,,N,,
,Carex,,saximontana,,,N,,
,Carex,,scirpoidea,subsp.,scirpoidea,N,SC,
,Carex,,scoparia,var.,scoparia,N,,
,Carex,,siccata,,,N,,
,Carex,,sparganioides,,,N,,
,Carex,,sprengelii,,,N,,
,Carex,,sterilis,,,N,T,
,Carex,,stipata,var.,stipata,N,,
,Carex,,stricta,,,N,,
,Carex,,supina,subsp.,spaniocarpa,N,E,
,Carex,,sychnocephala,,,N,,
,Carex,,tenera,,,N,,
,Carex,,tenera,var.,echinodes,N,,
,Carex,,tenera,var.,tenera,N,,
,Carex,,tenuiflora,,,N,,
,Carex,,tetanica,,,N,,
,Carex,,tonsa,,,N,,
,Carex,,tonsa,var.,rugosperma,N,,
,Carex,,tonsa,var.,tonsa,N,,
,Carex,,torreyi,,,N,,
,Carex,,tribuloides,var.,tribuloides,N,,
,Carex,,trichocarpa,,,N,W,
,Carex,,trisperma,,,N,,
,Carex,,tuckermanii,,,N,,
,Carex,,typhina,,,N,SC,
,Carex,,umbellata,,,N,,
,Carex,,utriculata,,,N,,
,Carex,,vaginata,,,N,,
,Carex,,vesicaria,,,N,,
,Carex,,viridula,var.,viridula,N,,
,Carex,,vulpinoidea,,,N,,
,Carex,,woodii,,,N,,
,Carex,,xerantica,,,N,SC,
,Cladium,,mariscoides,,,N,SC,
,Cyperus,,acuminatus,,,N,T,
,Cyperus,,bipartitus,,,N,,
,Cyperus,,diandrus,,,N,,
,Cyperus,,erythrorhizos,,,N,,
,Cyperus,,esculentus,var.,leptostachyus,I,,
,Cyperus,,fuscus,,,I,,
,Cyperus,,houghtonii,,,N,W,
,Cyperus,,lupulinus,,,N,,
,Cyperus,,lupulinus,subsp.,lupulinus,N,,
,Cyperus,,lupulinus,subsp.,macilentus,N,,
,Cyperus,X,mesochorus,,,N,,
,Cyperus,,odoratus,,,N,,
,Cyperus,,schweinitzii,,,N,,
,Cyperus,,squarrosus,,,N,,
,Cyperus,,strigosus,,,N,,
,Dulichium,,arundinaceum,var.,arundinaceum,N,,
,Eleocharis,,acicularis,,,N,,
,Eleocharis,,coloradoensis,,,N,SC,
,Eleocharis,,compressa,,,N,,
,Eleocharis,,compressa,var.,acutisquamata,N,,
,Eleocharis,,compressa,var.,compressa,N,,
,Eleocharis,,elliptica,,,N,,
,Eleocharis,,engelmannii,,,N,W,
,Eleocharis,,erythropoda,,,N,,
,Eleocharis,,flavescens,var.,olivacea,N,T,
,Eleocharis,,intermedia,,,N,,
,Eleocharis,,macrostachya,,,N,,
,Eleocharis,,nitida,,,N,SC,
,Eleocharis,,obtusa,,,N,,
,Eleocharis,,ovata,,,N,,
,Eleocharis,,palustris,,,N,,
,Eleocharis,,quinqueflora,,,N,SC,
,Eleocharis,,robbinsii,,,N,T,
,Eleocharis,,rostellata,,,N,T,
,Eleocharis,,wolfii,,,N,E,
,Eriophorum,,angustifolium,subsp.,angustifolium,N,,
,Eriophorum,,chamissonis,,,N,,
,Eriophorum,,gracile,,,N,,
,Eriophorum,,tenellum,,,N,,
,Eriophorum,,vaginatum,,,N,,
,Eriophorum,,virginicum,,,N,,
,Eriophorum,,viridicarinatum,,,N,,
,Fimbristylis,,autumnalis,,,N,SC,
,Fimbristylis,,puberula,var.,interior,N,E,
,Lipocarpha,,micrantha,,,N,,
,Rhynchospora,,alba,,,N,,
,Rhynchospora,,capillacea,,,N,T,
,Rhynchospora,,capitellata,,,N,W,
,Rhynchospora,,fusca,,,N,,
,Schoenoplectus,,acutus,, X tabernaemontani,N,,
,Schoenoplectus,,acutus,var.,acutus,N,,
,Schoenoplectus,,heterochaetus,,,N,,
,Schoenoplectus,X,oblongus,,,N,,
,Schoenoplectus,,pungens,,,N,,
,Schoenoplectus,,purshianus,var.,purshianus,N,,
,Schoenoplectus,,smithii,,,N,,
,Schoenoplectus,,smithii,var.,setosus,N,,
,Schoenoplectus,,smithii,var.,smithii,N,,
,Schoenoplectus,,subterminalis,,,N,,
,Schoenoplectus,,tabernaemontani,,,N,,
,Schoenoplectus,,torreyi,,,N,,
,Scirpus,,atrocinctus,,,N,,
,Scirpus,,atrovirens,,,N,,
,Scirpus,,cyperinus,,,N,,
,Scirpus,,georgianus,,,N,W,
,Scirpus,,hattorianus,,,N,,
,Scirpus,,microcarpus,,,N,,
,Scirpus,,pallidus,,,N,,
,Scirpus,,pedicellatus,,,N,,
,Scirpus,,pendulus,,,N,W,
,Scleria,,triglomerata,,,N,E,
,Scleria,,verticillata,,,N,T,
,Trichophorum,,alpinum,,,N,,
,Trichophorum,,cespitosum,,,N,,
,Trichophorum,,clintonii,,,N,T,
,Pteridium,,aquilinum,var.,latiusculum,N,,
,Dioscorea,,villosa,,,N,,
,Dipsacus,,laciniatus,,,I,,
,Knautia,,arvensis,,,I,,
,Drosera,,anglica,,,N,SC,
,Drosera,,intermedia,,,N,,
,Drosera,,linearis,,,N,SC,
,Drosera,X,obovata,,,N,,
,Drosera,,rotundifolia,,,N,,
,Athyrium,,filix-femina,var.,angustum,N,,
,Cystopteris,,bulbifera,,,N,,
,Cystopteris,,fragilis,,,N,,
,Cystopteris,,laurentiana,,,N,W,
,Cystopteris,,protrusa,,,N,,
,Cystopteris,,tennesseensis,,,N,W,
,Cystopteris,,tenuis,,,N,,
,Deparia,,acrostichoides,,,N,SC,
,Diplazium,,pycnocarpon,,,N,T,
,Dryopteris,X,boottii,,,N,,
,Dryopteris,,carthusiana,,,N,,
,Dryopteris,,cristata,,,N,,
,Dryopteris,,expansa,,,N,,
,Dryopteris,,fragrans,,,N,,
,Dryopteris,,goldiana,,,N,SC,
,Dryopteris,,intermedia,,,N,,
,Dryopteris,,marginalis,,,N,E,
,Dryopteris,X,triploidea,,,N,,
,Dryopteris,X,uliginosa,,,N,,
,Gymnocarpium,X,brittonianum,,,N,,
,Gymnocarpium,,dryopteris,,,N,,
,Gymnocarpium,X,intermedium,,,N,,
,Gymnocarpium,,jessoense,subsp.,parvulum,N,,
,Gymnocarpium,,robertianum,,,N,SC,
,Matteuccia,,struthiopteris,var.,pensylvanica,N,,
,Onoclea,,sensibilis,,,N,,
,Polystichum,,acrostichoides,,,N,E,
,Polystichum,,braunii,,,N,T,
,Woodsia,X,abbeae,,,N,,
,Woodsia,,alpina,,,N,T,
,Woodsia,,glabella,,,N,T,
,Woodsia,X,gracilis,,,N,,
,Woodsia,,ilvensis,,,N,,
,Woodsia,X,maxonii,,,N,H,
,Woodsia,,obtusa,subsp.,obtusa,N,,
,Woodsia,,oregana,subsp.,cathcartiana,N,SC,
,Woodsia,,scopulina,subsp.,laurentiana,N,T,
,Elaeagnus,,angustifolia,,,I,,
,Elaeagnus,,commutata,,,N,,
,Shepherdia,,argentea,,,N,,
,Shepherdia,,canadensis,,,N,SC,
,Elatine,,minima,,,N,,
,Elatine,,triandra,,,N,SC,
,Empetrum,,atropurpureum,,,N,E,
,Empetrum,,nigrum,,,N,E,
,Equisetum,,arvense,,,N,,
,Equisetum,X,ferrissii,,,N,,
,Equisetum,,fluviatile,,,N,,
,Equisetum,,hyemale,subsp.,affine,N,,
,Equisetum,,laevigatum,,,N,,
,Equisetum,X,litorale,,,N,,
,Equisetum,X,mackaii,,,N,,
,Equisetum,X,nelsonii,,,N,,
,Equisetum,,palustre,,,N,,
,Equisetum,,pratense,,,N,,
,Equisetum,,scirpoides,,,N,,
,Equisetum,,sylvaticum,,,N,,
,Equisetum,,variegatum,subsp.,variegatum,N,,
,Andromeda,,polifolia,var.,latifolia,N,,
,Arctostaphylos,,uva-ursi,,,N,,
,Chamaedaphne,,calyculata,,,N,,
,Epigaea,,repens,,,N,,
,Gaultheria,,hispidula,,,N,,
,Gaultheria,,procumbens,,,N,,
,Gaylussacia,,baccata,,,N,T,
,Kalmia,,polifolia,,,N,,
,Orthilia,,secunda,,,N,,
,Rhododendron,,groenlandicum,,,N,,
,Vaccinium,,angustifolium,,,N,,
,Vaccinium,,caespitosum,,,N,,
,Vaccinium,,macrocarpon,,,N,,
,Vaccinium,,myrtilloides,,,N,,
,Vaccinium,,oxycoccos,,,N,,
,Vaccinium,,uliginosum,,,N,E,
,Vaccinium,,vitis-idaea,,,N,,
,Eriocaulon,,aquaticum,,,N,,
,Acalypha,,rhomboidea,,,N,,
,Chamaesyce,,missurica,,,N,SC,
,Croton,,glandulosus,,,I,,
,Euphorbia,,corollata,,,N,,
,Euphorbia,,cyathophora,,,I,,
,Euphorbia,,cyparissias,,,I,,
,Euphorbia,,dentata,,,N,,
,Euphorbia,,esula,,,I,,"SN,PS"
,Euphorbia,,geyeri,,,N,,
,Euphorbia,,glyptosperma,,,N,,
,Euphorbia,,helioscopia,,,I,,
,Euphorbia,,hexagona,,,N,H,
,Euphorbia,,maculata,,,N,,
,Euphorbia,,marginata,,,N,,
,Euphorbia,,nutans,,,N,,
,Euphorbia,,serpyllifolia,,,N,,
,Euphorbia,,spathulata,,,N,,
,Amorpha,,canescens,,,N,,
,Amorpha,,fruticosa,,,N,,
,Amorpha,,nana,,,N,,
,Amphicarpaea,,bracteata,,,N,,
,Apios,,americana,,,N,,
,Astragalus,,adsurgens,var.,robustior,N,,
,Astragalus,,agrestis,,,N,,
,Astragalus,,alpinus,var.,alpinus,N,E,
,Astragalus,,canadensis,,,N,,
,Astragalus,,crassicarpus,var.,crassicarpus,N,,
,Astragalus,,flexuosus,var.,flexuosus,N,SC,
,Astragalus,,lotiflorus,,,N,,
,Astragalus,,missouriensis,var.,missouriensis,N,SC,
,Astragalus,,neglectus,,,N,,
,Astragalus,,racemosus,var.,racemosus,N,H,
,Astragalus,,tenellus,,,N,H,
,Baptisia,,bracteata,var.,glabrescens,N,SC,
,Baptisia,,lactea,var.,lactea,N,SC,
,Caragana,,arborescens,,,I,,
,Coronilla,,varia,,,I,,
,Crotalaria,,sagittalis,,,N,SC,
,Dalea,,candida,,,N,,
,Dalea,,candida,var.,candida,N,,
,Dalea,,candida,var.,oligophylla,N,SC,
,Dalea,,leporina,,,N,,
,Dalea,,purpurea,var.,purpurea,N,,
,Dalea,,villosa,var.,villosa,N,,
,Desmodium,,canadense,,,N,,
,Desmodium,,cuspidatum,var.,longifolium,N,T,
,Desmodium,,glutinosum,,,N,,
,Desmodium,,illinoense,,,N,,
,Desmodium,,nudiflorum,,,N,T,
,Glycyrrhiza,,lepidota,,,N,,
,Lathyrus,,latifolius,,,I,,
,Lathyrus,,maritimus,var.,glaber,N,,
,Lathyrus,,ochroleucus,,,N,,
,Lathyrus,,palustris,,,N,,
,Lathyrus,,tuberosus,,,I,,
,Lathyrus,,venosus,var.,intonsus,N,,
,Lespedeza,,capitata,,,N,,
,Lespedeza,,leptostachya,,,N,T,
,Lotus,,corniculatus,,,I,,
,Lotus,,purshianus,,,N,,
,Lupinus,,perennis,,,N,,
,Lupinus,,polyphyllus,,,I,,
,Medicago,,lupulina,,,I,,
,Medicago,,sativa,,,I,,
,Medicago,,sativa,subsp.,falcata,I,,
,Medicago,,sativa,subsp.,sativa,I,,
,Melilotus,,alba,,,I,,
,Melilotus,,officinalis,,,I,,
,Oxytropis,,campestris,var.,chartacea,N,,
,Oxytropis,,lambertii,var.,lambertii,N,,
,Oxytropis,,splendens,,,N,,
,Oxytropis,,viscida,,,N,E,
,Pediomelum,,argophyllum,,,N,,
,Pediomelum,,esculentum,,,N,,
,Psoralidium,,tenuiflorum,,,N,E,
,Robinia,,pseudoacacia,,,I,,
,Strophostyles,,helvola,,,N,,
,Strophostyles,,leiosperma,,,N,,
,Tephrosia,,virginiana,,,N,SC,
,Trifolium,,arvense,,,I,,
,Trifolium,,aureum,,,I,,
,Trifolium,,campestre,,,I,,
,Trifolium,,hybridum,,,I,,
,Trifolium,,incarnatum,,,I,,
,Trifolium,,pratense,,,I,,
,Trifolium,,repens,,,I,,
,Vicia,,americana,,,N,,
,Vicia,,americana,var.,americana,N,,
,Vicia,,americana,var.,minor,N,,
,Vicia,,angustifolia,,,I,,
,Vicia,,cracca,,,I,,
,Vicia,,sativa,,,I,,
,Vicia,,villosa,,,I,,
,Quercus,,alba,,,N,,
,Quercus,X,bebbiana,,,N,,
,Quercus,,bicolor,,,N,SC,
,Quercus,,bicolor,, X macrocarpa,N,,
,Quercus,,ellipsoidalis,,,N,,
,Quercus,,ellipsoidalis,, X rubra,N,,
,Quercus,X,hawkinsii,,,N,,
,Quercus,X,hillii,,,N,,
,Quercus,,macrocarpa,,,N,,
,Quercus,,muhlenbergii,,,N,H,
,Quercus,X,palaeolithicola,,,I,,
,Quercus,,rubra,,,N,,
,Quercus,,velutina,,,N,,
,Adlumia,,fungosa,,,N,SC,
,Corydalis,,aurea,subsp.,aurea,N,,
,Corydalis,,micrantha,subsp.,micrantha,N,,
,Corydalis,,sempervirens,,,N,,
,Dicentra,,canadensis,,,N,SC,
,Dicentra,,cucullaria,,,N,,
,Bartonia,,virginica,,,N,E,
,Gentiana,,affinis,,,N,SC,
,Gentiana,,andrewsii,,,N,,
,Gentiana,,andrewsii,var.,andrewsii,N,,
,Gentiana,,andrewsii,var.,dakotica,N,,
,Gentiana,X,billingtonii,,,N,,
,Gentiana,,flavida,,,N,,
,Gentiana,,puberulenta,,,N,,
,Gentiana,,rubricaulis,,,N,,
,Gentianella,,amarella,,,N,SC,
,Gentianella,,quinquefolia,subsp.,occidentalis,N,,
,Gentianopsis,,crinita,,,N,,
,Gentianopsis,,procera,,,N,,
,Halenia,,deflexa,subsp.,deflexa,N,,
,Erodium,,cicutarium,,,I,,
,Geranium,,bicknellii,,,N,,
,Geranium,,carolinianum,,,N,,
,Geranium,,maculatum,,,N,,
,Geranium,,sibiricum,,,I,,
,Ribes,,americanum,,,N,,
,Ribes,,aureum,var.,villosum,I,,
,Ribes,,cynosbati,,,N,,
,Ribes,,glandulosum,,,N,,
,Ribes,,hirtellum,,,N,,
,Ribes,,hudsonianum,,,N,,
,Ribes,,lacustre,,,N,,
,Ribes,,missouriense,,,N,,
,Ribes,,oxyacanthoides,var.,oxyacanthoides,N,,
,Ribes,,triste,,,N,,
,Myriophyllum,,alterniflorum,,,N,,
,Myriophyllum,,farwellii,,,N,,
,Myriophyllum,,heterophyllum,,,N,SC,
,Myriophyllum,,sibiricum,,,N,,
,Myriophyllum,,spicatum,,,I,,PI
,Myriophyllum,,tenellum,,,N,,
,Myriophyllum,,verticillatum,,,N,,
,Hamamelis,,virginiana,,,N,T,
,Hippuris,,vulgaris,,,N,,
,Elodea,,bifoliata,,,N,E,
,Elodea,,canadensis,,,N,,
,Elodea,,nuttallii,,,N,,
,Vallisneria,,americana,,,N,,
,Ellisia,,nyctelea,,,N,,
,Hydrophyllum,,appendiculatum,,,N,,
,Hydrophyllum,,virginianum,var.,virginianum,N,,
,Phacelia,,franklinii,,,N,T,
,Iris,,pseudacorus,,,I,,
,Iris,,versicolor,,,N,,
,Iris,,virginica,,,N,,
,Sisyrinchium,,angustifolium,,,N,H,
,Sisyrinchium,,campestre,,,N,,
,Sisyrinchium,,montanum,var.,montanum,N,,
,Sisyrinchium,,mucronatum,,,N,,
,Isoetes,,echinospora,,,N,,
,Isoetes,,lacustris,,,N,,
,Isoetes,,melanopoda,,,N,E,
,Carya,,cordiformis,,,N,,
,Carya,,ovata,var.,ovata,N,,
,Juglans,,cinerea,,,N,E,
,Juglans,,nigra,,,N,,
,Juncus,,alpinoarticulatus,,,N,,
,Juncus,,arcticus,var.,balticus,U,,
,Juncus,,articulatus,,,N,E,
,Juncus,,brachycarpus,,,U,,
,Juncus,,brevicaudatus,,,N,,
,Juncus,,bufonius,,,N,,
,Juncus,,canadensis,,,N,,
,Juncus,,compressus,,,I,,
,Juncus,,dudleyi,,,N,,
,Juncus,,effusus,,,N,,
,Juncus,,filiformis,,,N,,
,Juncus,,gerardii,,,U,H,
,Juncus,X,gracilescens,,,N,,
,Juncus,,greenei,,,N,,
,Juncus,,interior,,,N,,
,Juncus,,longistylis,,,N,,
,Juncus,,marginatus,,,N,E,
,Juncus,,nodosus,,,N,,
,Juncus,,pelocarpus,,,N,,
,Juncus,,stygius,var.,americanus,N,SC,
,Juncus,,subtilis,,,N,E,
,Juncus,,tenuis,,,N,,
,Juncus,,torreyi,,,N,,
,Juncus,,vaseyi,,,N,,
,Luzula,,acuminata,var.,acuminata,N,,
,Luzula,,luzuloides,subsp.,luzuloides,I,,
,Luzula,,multiflora,subsp.,multiflora,I,,
,Luzula,,parviflora,,,N,T,
,Triglochin,,maritima,,,N,,
,Triglochin,,palustris,,,N,,
,Agastache,,foeniculum,,,N,,
,Agastache,,nepetoides,,,N,H,
,Agastache,,scrophulariifolia,,,N,,
,Blephilia,,hirsuta,,,N,,
,Blephilia,,subnuda,,,I,,
,Dracocephalum,,parviflorum,,,N,,
,Galeopsis,,tetrahit,,,I,,
,Galeopsis,,tetrahit,var.,bifida,I,,
,Galeopsis,,tetrahit,var.,tetrahit,I,,
,Glechoma,,hederacea,,,I,,
,Hedeoma,,hispida,,,N,,
,Hedeoma,,pulegioides,,,U,H,
,Isanthus,,brachiatus,,,N,,
,Lamium,,amplexicaule,,,I,,
,Leonurus,,cardiaca,,,I,,
,Leonurus,,sibiricus,,,I,,
,Lycopus,,americanus,,,N,,
,Lycopus,,asper,,,N,,
,Lycopus,X,sherardii,,,N,,
,Lycopus,,uniflorus,,,N,,
,Lycopus,,virginicus,,,N,W,
,Mentha,,arvensis,var.,canadensis,N,,
,Mentha,X,gentilis,,,I,,
,Mentha,,spicata,,,I,,
,Monarda,,fistulosa,,,N,,
,Monarda,,fistulosa,var.,fistulosa,N,,
,Monarda,,fistulosa,var.,menthifolia,N,,
,Monarda,,punctata,var.,villicaulis,N,,
,Nepeta,,cataria,,,I,,
,Physostegia,,virginiana,subsp.,virginiana,N,,
,Prunella,,vulgaris,,,I,,
,Prunella,,vulgaris,var.,lanceolata,I,,
,Prunella,,vulgaris,var.,vulgaris,I,,
,Pycnanthemum,,virginianum,,,N,,
,Salvia,,reflexa,,,I,,
,Satureja,,vulgaris,,,N,,
,Scutellaria,,galericulata,,,N,,
,Scutellaria,,lateriflora,,,N,,
,Scutellaria,,leonardii,,,N,,
,Scutellaria,,ovata,var.,versicolor,N,T,
,Scutellaria,,parvula,,,N,,
,Stachys,,hispida,,,N,,
,Stachys,,palustris,,,N,,
,Stachys,,palustris,var.,homotricha,N,,
,Stachys,,palustris,var.,pilosa,N,,
,Stachys,,tenuifolia,,,N,,
,Teucrium,,canadense,,,N,,
,Teucrium,,canadense,var.,occidentale,N,,
,Teucrium,,canadense,var.,virginicum,N,,
,Lemna,,minor,,,N,,
,Lemna,,obscura,,,N,W,
,Lemna,,perpusilla,,,N,W,
,Lemna,,trisulca,,,N,,
,Lemna,,turionifera,,,N,,
,Spirodela,,polyrrhiza,,,N,,
,Wolffia,,borealis,,,N,,
,Wolffia,,columbiana,,,N,,
,Pinguicula,,vulgaris,,,N,SC,
,Utricularia,,cornuta,,,N,,
,Utricularia,,geminiscapa,,,N,T,
,Utricularia,,gibba,,,N,,
,Utricularia,,intermedia,,,N,,
,Utricularia,,minor,,,N,,
,Utricularia,,purpurea,,,N,E,
,Utricularia,,resupinata,,,N,T,
,Utricularia,,vulgaris,,,N,,
,Allium,,canadense,var.,canadense,N,,
,Allium,,cernuum,,,N,SC,
,Allium,,schoenoprasum,,,N,E,
,Allium,,stellatum,,,N,,
,Allium,,textile,,,N,,
,Allium,,tricoccum,,,N,,
,Allium,,tricoccum,var.,burdickii,N,,
,Allium,,tricoccum,var.,tricoccum,N,,
,Asparagus,,officinalis,,,I,,
,Clintonia,,borealis,,,N,,
,Erythronium,,albidum,,,N,,
,Erythronium,,albidum,, X propullans,N,,
,Erythronium,,americanum,subsp.,americanum,N,,
,Erythronium,,propullans,,,N,E,
,Hypoxis,,hirsuta,,,N,,
,Lilium,,michiganense,,,N,,
,Lilium,,philadelphicum,,,N,,
,Maianthemum,,canadense,,,N,,
,Maianthemum,,racemosum,subsp.,racemosum,N,,
,Maianthemum,,stellatum,,,N,,
,Maianthemum,,trifolium,,,N,,
,Ornithogalum,,umbellatum,,,I,,
,Polygonatum,,biflorum,,,N,,
,Polygonatum,,pubescens,,,N,,
,Prosartes,,trachycarpa,,,N,E,
,Scilla,,sibirica,,,I,,
,Streptopus,,amplexifolius,,,N,,
,Streptopus,,lanceolatus,,,N,,
,Tofieldia,,pusilla,,,N,E,
,Triantha,,glutinosa,,,N,,
,Trillium,,cernuum,,,N,,
,Trillium,,flexipes,,,N,,
,Trillium,,grandiflorum,,,N,,
,Trillium,,nivale,,,N,SC,
,Uvularia,,grandiflora,,,N,,
,Uvularia,,sessilifolia,,,N,,
,Zigadenus,,elegans,,,N,,
,Floerkea,,proserpinacoides,,,N,T,
,Linum,,lewisii,,,I,,
,Linum,,rigidum,var.,rigidum,N,,
,Linum,,sulcatum,,,N,,
,Linum,,usitatissimum,,,I,,
,Diphasiastrum,,complanatum,,,N,,
,Diphasiastrum,,complanatum,, X digitatum,N,,
,Diphasiastrum,,digitatum,,,N,,
,Diphasiastrum,X,habereri,,,N,,
,Diphasiastrum,,tristachyum,,,N,,
,Diphasiastrum,X,zeilleri,,,N,,
,Huperzia,,appalachiana,,,N,SC,
,Huperzia,,appalachiana,, X selago,N,,
,Huperzia,,appalachiana,, X lucidula,N,,
,Huperzia,X,bartleyi,,,N,,
,Huperzia,X,buttersii,,,N,,
,Huperzia,,lucidula,,,N,,
,Huperzia,,porophila,,,N,T,
,Huperzia,,selago,,,N,,
,Lycopodiella,,inundata,,,N,,
,Lycopodium,,annotinum,,,N,,
,Lycopodium,,clavatum,,,N,,
,Lycopodium,,dendroideum,,,N,,
,Lycopodium,,hickeyi,,,N,,
,Lycopodium,,lagopus,,,N,,
,Ammannia,,coccinea,,,N,,
,Decodon,,verticillatus,var.,laevigatus,N,SC,
,Didiplis,,diandra,,,N,H,
,Lythrum,,alatum,var.,alatum,N,,
,Lythrum,,salicaria,,,I,,"SN,,PI"
,Rotala,,ramosior,,,N,T,
,Abutilon,,theophrasti,,,I,,
,Hibiscus,,laevis,,,N,,
,Hibiscus,,trionum,,,I,,
,Malva,,neglecta,,,I,,
,Malva,,rotundifolia,,,I,,
,Napaea,,dioica,,,N,T,
,Sphaeralcea,,coccinea,,,N,,
,Marsilea,,vestita,,,N,E,
,Menispermum,,canadense,,,N,,
,Menyanthes,,trifoliata,,,N,,
,Desmanthus,,illinoensis,,,N,SC,
,Mollugo,,verticillata,,,I,,
,Monotropa,,hypopithys,,,N,,
,Monotropa,,uniflora,,,N,,
,Morus,,alba,,,I,,
,Morus,,rubra,,,N,H,
,Comptonia,,peregrina,,,N,,
,Myrica,,gale,,,N,,
,Najas,,flexilis,,,N,,
,Najas,,gracillima,,,N,SC,
,Najas,,guadalupensis,,,N,,
,Najas,,guadalupensis,subsp.,guadalupensis,N,,
,Najas,,guadalupensis,subsp.,olivacea,N,SC,
,Najas,,marina,,,N,SC,
,Najas,,minor,,,I,,PI
,Nelumbo,,lutea,,,N,,
,Mirabilis,,albida,,,N,,
,Mirabilis,,linearis,var.,linearis,I,,
,Mirabilis,,nyctaginea,,,N,,
,Nuphar,,microphylla,,,N,,
,Nuphar,X,rubrodisca,,,N,,
,Nuphar,,variegata,,,N,,
,Nymphaea,,leibergii,,,N,T,
,Nymphaea,,odorata,,,N,,
,Nymphaea,,odorata,subsp.,odorata,N,,
,Nymphaea,,odorata,subsp.,tuberosa,N,,
,Fraxinus,,americana,,,N,,
,Fraxinus,,nigra,,,N,,
,Fraxinus,,pennsylvanica,,,N,,
,Calylophus,,serrulatus,,,N,,
,Circaea,,alpina,subsp.,alpina,N,,
,Circaea,X,intermedia,,,N,,
,Circaea,,lutetiana,var.,canadensis,N,,
,Epilobium,,angustifolium,,,N,,
,Epilobium,,angustifolium,subsp.,angustifolium,N,,
,Epilobium,,angustifolium,var.,canescens,N,,
,Epilobium,,ciliatum,subsp.,ciliatum,N,,
,Epilobium,,coloratum,,,N,,
,Epilobium,,glandulosum,,,N,,
,Epilobium,,leptophyllum,,,N,,
,Epilobium,,palustre,,,N,,
,Epilobium,,strictum,,,N,,
,Epilobium,X,wisconsinense,,,N,,
,Gaura,,biennis,,,N,W,
,Gaura,,coccinea,,,N,,
,Ludwigia,,palustris,,,N,,
,Ludwigia,,polycarpa,,,N,,
,Oenothera,,biennis,,,N,,
,Oenothera,,biennis,var.,biennis,N,,
,Oenothera,,biennis,var.,canescens,N,,
,Oenothera,,clelandii,,,N,,
,Oenothera,,laciniata,,,N,W,
,Oenothera,,nuttallii,,,N,,
,Oenothera,,parviflora,,,N,,
,Oenothera,,parviflora,var.,oakesiana,N,,
,Oenothera,,parviflora,var.,parviflora,N,,
,Oenothera,,perennis,,,N,,
,Oenothera,,rhombipetala,,,N,SC,
,Botrychium,,acuminatum,,,N,SC,
,Botrychium,,ascendens,,,N,E,
,Botrychium,,campestre,,,N,SC,
,Botrychium,,dissectum,,,N,,
,Botrychium,,gallicomontanum,,,N,E,
,Botrychium,,lanceolatum,subsp.,angustisegmentum,N,T,
,Botrychium,,lineare,,,N,E,
,Botrychium,,lunaria,,,N,T,
,Botrychium,,matricariifolium,,,N,,
,Botrychium,,michiganense,,,N,W,
,Botrychium,,minganense,,,N,SC,
,Botrychium,,mormo,,,N,T,
,Botrychium,,multifidum,,,N,,
,Botrychium,,oneidense,,,N,T,
,Botrychium,,pallidum,,,N,SC,
,Botrychium,,rugulosum,,,N,SC,
,Botrychium,,simplex,,,N,SC,
,Botrychium,,spathulatum,,,N,E,
,Botrychium,,virginianum,,,N,,
,Ophioglossum,,pusillum,,,N,W,
,Amerorchis,,rotundifolia,,,N,,
,Aplectrum,,hyemale,,,N,,
,Arethusa,,bulbosa,,,N,,
,Calopogon,,oklahomensis,,,N,H,
,Calopogon,,tuberosus,var.,tuberosus,N,,
,Calypso,,bulbosa,var.,americana,N,,
,Coeloglossum,,viride,,,N,,
,Corallorhiza,,maculata,,,N,,
,Corallorhiza,,maculata,var.,maculata,N,,
,Corallorhiza,,maculata,var.,occidentalis,N,,
,Corallorhiza,,odontorhiza,var.,odontorhiza,N,,
,Corallorhiza,,striata,var.,striata,N,,
,Corallorhiza,,trifida,,,N,,
,Cypripedium,,acaule,,,N,,
,Cypripedium,X,andrewsii,,,N,,
,Cypripedium,,arietinum,,,N,T,
,Cypripedium,,candidum,,,N,SC,
,Cypripedium,,parviflorum,,,N,,
,Cypripedium,,parviflorum,var.,makasin,N,,
,Cypripedium,,parviflorum,var.,pubescens,N,,
,Cypripedium,,reginae,,,N,,
,Epipactis,,helleborine,,,I,,
,Galearis,,spectabilis,,,N,,
,Goodyera,,pubescens,,,N,,
,Goodyera,,repens,,,N,,
,Goodyera,,tesselata,,,N,,
,Liparis,,liliifolia,,,N,,
,Liparis,,loeselii,,,N,,
,Listera,,auriculata,,,N,E,
,Listera,,convallarioides,,,N,SC,
,Listera,,cordata,var.,cordata,N,,
,Malaxis,,monophyllos,var.,brachypoda,N,SC,
,Malaxis,,paludosa,,,N,E,
,Malaxis,,unifolia,,,N,,
,Platanthera,,aquilonis,,,N,,
,Platanthera,,clavellata,,,N,SC,
,Platanthera,,dilatata,var.,dilatata,N,,
,Platanthera,,flava,var.,herbiola,N,T,
,Platanthera,,hookeri,,,N,,
,Platanthera,,huronensis,,,N,,
,Platanthera,,lacera,,,N,,
,Platanthera,,obtusata,,,N,,
,Platanthera,,orbiculata,,,N,,
,Platanthera,,praeclara,,,N,E,
,Platanthera,,psycodes,,,N,,
,Pogonia,,ophioglossoides,,,N,,
,Spiranthes,,casei,var.,casei,N,T,
,Spiranthes,,cernua,,,N,,
,Spiranthes,,lacera,,,N,,
,Spiranthes,,lacera,var.,gracilis,N,,
,Spiranthes,,lacera,var.,lacera,N,,
,Spiranthes,,magnicamporum,,,N,,
,Spiranthes,,romanzoffiana,,,N,,
,Agalinis,,aspera,,,N,,
,Agalinis,,auriculata,,,N,E,
,Agalinis,,gattingeri,,,N,E,
,Agalinis,,purpurea,,,N,,
,Agalinis,,purpurea,var.,parviflora,N,,
,Agalinis,,purpurea,var.,purpurea,N,W,
,Agalinis,,tenuifolia,,,N,,
,Orobanche,,fasciculata,,,N,T,
,Orobanche,,ludoviciana,subsp.,ludoviciana,N,T,
,Orobanche,,uniflora,,,N,T,
,Osmunda,,cinnamomea,,,N,,
,Osmunda,,claytoniana,,,N,,
,Osmunda,,regalis,var.,spectabilis,N,,
,Oxalis,,acetosella,,,I,,
,Oxalis,,dillenii,,,N,,
,Oxalis,,stricta,,,N,,
,Oxalis,,violacea,,,N,,
,Chelidonium,,majus,,,I,,
,Sanguinaria,,canadensis,,,N,,
,Abies,,balsamea,,,N,,
,Larix,,laricina,,,N,,
,Picea,,glauca,,,N,,
,Picea,,mariana,,,N,,
,Pinus,,banksiana,,,N,,
,Pinus,,resinosa,,,N,,
,Pinus,,strobus,,,N,,
,Pinus,,sylvestris,,,I,,
,Tsuga,,canadensis,,,N,E,
,Littorella,,americana,,,N,SC,
,Plantago,,aristata,,,N,,
,Plantago,,elongata,,,N,SC,
,Plantago,,eriopoda,,,N,,
,Plantago,,lanceolata,,,I,,RS
,Plantago,,major,,,I,,
,Plantago,,patagonica,,,I,,
,Plantago,,patagonica,var.,patagonica,I,,
,Plantago,,patagonica,var.,spinulosa,I,,
,Plantago,,psyllium,,,I,,
,Plantago,,rugelii,,,N,,
,Plantago,,virginica,,,N,H,
,Veronica,,americana,,,N,,
,Veronica,,arvensis,,,I,,
,Veronica,,catenata,,,N,,
,Veronica,,longifolia,,,I,,
,Veronica,,officinalis,,,I,,
,Veronica,,peregrina,,,N,,
,Veronica,,peregrina,var.,peregrina,N,,
,Veronica,,peregrina,var.,xalapensis,N,,
,Veronica,,persica,,,I,,
,Veronica,,scutellata,,,N,,
,Veronica,,serpyllifolia,,,U,,
,Veronica,,serpyllifolia,var.,humifusa,N,,
,Veronica,,serpyllifolia,var.,serpyllifolia,I,,
,Veronica,,verna,,,I,,
,Achnatherum,,hymenoides,,,N,E,
,Agropyron,,cristatum,,,I,,
,Agrostis,,gigantea,,,I,,
,Agrostis,,hyemalis,,,N,E,
,Agrostis,,perennans,,,N,,
,Agrostis,,scabra,,,N,,
,Agrostis,,stolonifera,,,I,,
,Alopecurus,,aequalis,var.,aequalis,N,,
,Alopecurus,,carolinianus,,,N,,
,Alopecurus,,geniculatus,,,I,,
,Alopecurus,,pratensis,,,I,,
,Ammophila,,breviligulata,subsp.,breviligulata,N,T,
,Andropogon,,gerardii,,,N,,
,Anthoxanthum,,hirtum,,,N,,
,Aristida,,basiramea,,,N,,
,Aristida,,dichotoma,var.,curtissii,N,,
,Aristida,,longespica,var.,geniculata,N,E,
,Aristida,,oligantha,,,N,,
,Aristida,,purpurea,var.,longiseta,N,SC,
,Aristida,,tuberculosa,,,N,T,
,Arrhenatherum,,elatius,subsp.,elatius,I,,
,Avena,,fatua,,,I,,
,Avena,,sativa,,,I,,
,Avenula,,hookeri,,,N,SC,
,Beckmannia,,syzigachne,,,N,,
,Bouteloua,,curtipendula,var.,curtipendula,N,,
,Bouteloua,,gracilis,,,N,,
,Bouteloua,,hirsuta,var.,hirsuta,N,,
,Brachyelytrum,,aristosum,,,N,,
,Brachyelytrum,,erectum,,,N,,
,Bromus,,ciliatus,,,N,,
,Bromus,,inermis,,,I,,
,Bromus,,japonicus,,,I,,
,Bromus,,kalmii,,,N,,
,Bromus,,latiglumis,,,N,,
,Bromus,,pubescens,,,N,,
,Bromus,,secalinus,,,I,,
,Bromus,,tectorum,,,I,,
,Buchloe,,dactyloides,,,N,SC,
,Calamagrostis,,canadensis,,,N,,
,Calamagrostis,,canadensis,var.,canadensis,N,,
,Calamagrostis,,canadensis,var.,langsdorfii,N,,
,Calamagrostis,,canadensis,var.,macouniana,N,,
,Calamagrostis,,lacustris,,,N,SC,
,Calamagrostis,,montanensis,,,N,SC,
,Calamagrostis,,purpurascens,,,N,E,
,Calamagrostis,,stricta,,,N,,
,Calamagrostis,,stricta,subsp.,inexpansa,N,,
,Calamagrostis,,stricta,subsp.,stricta,N,,
,Calamovilfa,,longifolia,var.,longifolia,N,,
,Cenchrus,,longispinus,,,N,,
,Cenchrus,,spinifex,,,N,,
,Cinna,,arundinacea,,,N,,
,Cinna,,latifolia,,,N,,
,Dactylis,,glomerata,,,I,,
,Danthonia,,spicata,,,N,,
,Deschampsia,,cespitosa,subsp.,cespitosa,N,,
,Deschampsia,,flexuosa,,,N,T,
,Diarrhena,,obovata,,,N,E,
,Dichanthelium,,aciculare,subsp.,angustifolium,N,,
,Dichanthelium,,acuminatum,,,N,,
,Dichanthelium,,acuminatum,subsp.,fasciculatum,N,,
,Dichanthelium,,acuminatum,subsp.,implicatum,N,,
,Dichanthelium,,acuminatum,subsp.,lindheimeri,N,,
,Dichanthelium,,boreale,,,N,,
,Dichanthelium,,depauperatum,,,N,,
,Dichanthelium,,latifolium,,,N,,
,Dichanthelium,,leibergii,,,N,,
,Dichanthelium,,linearifolium,,,N,,
,Dichanthelium,,oligosanthes,,,N,,
,Dichanthelium,,oligosanthes,subsp.,oligosanthes,N,,
,Dichanthelium,,oligosanthes,subsp.,scribnerianum,N,,
,Dichanthelium,,ovale,,,N,,
,Dichanthelium,,ovale,subsp.,praecocius,N,,
,Dichanthelium,,ovale,subsp.,pseudopubescens,N,,
,Dichanthelium,,ovale,subsp.,villosissimum,N,,
,Dichanthelium,,perlongum,,,N,,
,Dichanthelium,,wilcoxianum,,,N,,
,Dichanthelium,,xanthophysum,,,N,,
,Digitaria,,cognata,,,N,,
,Digitaria,,ischaemum,,,I,,
,Digitaria,,sanguinalis,,,I,,
,Distichlis,,spicata,,,N,,
,Echinochloa,,crus-galli,,,I,,
,Echinochloa,,muricata,,,N,,
,Echinochloa,,muricata,var.,microstachya,N,,
,Echinochloa,,muricata,var.,muricata,N,,
,Echinochloa,,walteri,,,N,,
X,Elyhordeum,,macounii,,,N,,
,Elymus,,canadensis,var.,canadensis,N,,
,Elymus,,curvatus,,,N,,
,Elymus,,diversiglumis,,,N,,
,Elymus,,hystrix,,,N,,
,Elymus,,repens,,,I,,RS
,Elymus,,trachycaulus,,,N,,
,Elymus,,trachycaulus,subsp.,subsecundus,N,,
,Elymus,,trachycaulus,subsp.,trachycaulus,N,,
,Elymus,,villosus,,,N,,
,Elymus,,virginicus,var.,virginicus,N,,
,Elymus,,wiegandii,,,N,,
,Eragrostis,,cilianensis,,,I,,
,Eragrostis,,frankii,,,N,,
,Eragrostis,,hypnoides,,,N,,
,Eragrostis,,minor,,,I,,
,Eragrostis,,pectinacea,var.,pectinacea,N,,
,Eragrostis,,spectabilis,,,N,,
,Eragrostis,,trichodes,,,I,,
,Eriochloa,,villosa,,,I,,
,Festuca,,rubra,,,I,,
,Festuca,,rubra,subsp.,fallax,I,,
,Festuca,,rubra,subsp.,rubra,I,,
,Festuca,,saximontana,var.,saximontana,N,,
,Festuca,,subverticillata,,,N,,
,Festuca,,trachyphylla,,,I,,
,Glyceria,,borealis,,,N,,
,Glyceria,,canadensis,var.,canadensis,N,,
,Glyceria,,grandis,var.,grandis,N,,
,Glyceria,,striata,,,N,,
,Hesperostipa,,comata,subsp.,comata,N,,
,Hesperostipa,,spartea,,,N,,
,Hordeum,,jubatum,subsp.,jubatum,N,,
,Hordeum,,pusillum,,,N,,
,Hordeum,,vulgare,subsp.,vulgare,I,,
,Koeleria,,macrantha,,,N,,
,Leersia,,lenticularis,,,N,T,
,Leersia,,oryzoides,,,N,,
,Leersia,,virginica,,,N,,
,Leptochloa,,fusca,subsp.,fascicularis,N,,
,Leymus,,cinereus,,,N,,
,Lolium,,perenne,,,I,,
,Melica,,nitens,,,N,T,
,Milium,,effusum,var.,cisatlanticum,N,,
,Miscanthus,,sacchariflorus,,,I,,
,Muhlenbergia,,asperifolia,,,N,,
,Muhlenbergia,,cuspidata,,,N,,
,Muhlenbergia,,frondosa,,,N,,
,Muhlenbergia,,glomerata,,,N,,
,Muhlenbergia,,mexicana,,,N,,
,Muhlenbergia,,mexicana,var.,filiformis,N,,
,Muhlenbergia,,mexicana,var.,mexicana,N,,
,Muhlenbergia,,racemosa,,,N,,
,Muhlenbergia,,richardsonis,,,N,,
,Muhlenbergia,,schreberi,,,N,W,
,Muhlenbergia,,sylvatica,,,N,,
,Muhlenbergia,,uniflora,,,N,SC,
,Nassella,,viridula,,,N,,
,Oryzopsis,,asperifolia,,,N,,
,Panicum,,capillare,subsp.,capillare,N,,
,Panicum,,dichotomiflorum,subsp.,dichotomiflorum,N,,
,Panicum,,philadelphicum,subsp.,philadelphicum,N,,
,Panicum,,virgatum,,,N,,
,Pascopyrum,,smithii,,,I,,
,Paspalum,,setaceum,,,N,,
,Paspalum,,setaceum,var.,muhlenbergii,N,,
,Paspalum,,setaceum,var.,stramineum,N,,
,Phalaris,,arundinacea,,,I,,
,Phalaris,,canariensis,,,I,,
,Phleum,,pratense,subsp.,pratense,I,,
,Phragmites,,australis,,,N,,
,Phragmites,,australis,subsp.,americanus,N,,
,Phragmites,,australis,subsp.,australis,I,,
,Piptatherum,,canadense,,,N,T,
,Piptatherum,,pungens,,,N,,
,Piptatherum,,racemosum,,,N,,
,Poa,,alsodes,,,N,,
,Poa,,annua,,,I,,
,Poa,,arida,,,N,W,
,Poa,,bulbosa,subsp.,vivipara,I,,
,Poa,,chaixii,,,I,,
,Poa,,compressa,,,I,,
,Poa,,glauca,subsp.,glauca,N,,
,Poa,,interior,,,N,,
,Poa,,nemoralis,,,I,,
,Poa,,paludigena,,,N,T,
,Poa,,palustris,,,N,,
,Poa,,pratensis,subsp.,pratensis,I,,
,Poa,,saltuensis,,,N,,
,Poa,,saltuensis,subsp.,languida,N,,
,Poa,,saltuensis,subsp.,saltuensis,N,,
,Poa,,secunda,subsp.,secunda,N,,
,Poa,,sylvestris,,,N,W,
,Poa,,trivialis,subsp.,trivialis,I,,
,Poa,,wolfii,,,N,SC,
,Puccinellia,,distans,,,I,,
,Puccinellia,,nuttalliana,,,N,W,
,Schedonnardus,,paniculatus,,,N,SC,
,Schedonorus,,arundinaceus,,,I,,
,Schedonorus,,pratensis,,,I,,
,Schizachne,,purpurascens,,,N,,
,Schizachyrium,,scoparium,var.,scoparium,N,,
,Scolochloa,,festucacea,,,N,,
,Setaria,,faberi,,,I,,RS
,Setaria,,italica,,,I,,
,Setaria,,pumila,subsp.,pumila,I,,
,Setaria,,verticillata,,,I,,
,Setaria,,viridis,,,I,,
,Setaria,,viridis,var.,major,I,,
,Setaria,,viridis,var.,viridis,I,,
,Sorghastrum,,nutans,,,N,,
,Spartina,,gracilis,,,N,,
,Spartina,,pectinata,,,N,,
,Sphenopholis,,intermedia,,,N,,
,Sphenopholis,,obtusata,,,N,,
,Sporobolus,,compositus,var.,compositus,N,,
,Sporobolus,,cryptandrus,,,N,,
,Sporobolus,,heterolepis,,,N,,
,Sporobolus,,neglectus,,,N,,
,Sporobolus,,vaginiflorus,var.,vaginiflorus,N,,
,Torreyochloa,,pallida,,,N,SC,
,Torreyochloa,,pallida,var.,fernaldii,N,SC,
,Torreyochloa,,pallida,var.,pallida,N,SC,
,Triplasis,,purpurea,var.,purpurea,N,SC,
,Trisetum,,spicatum,,,N,SC,
,Vulpia,,octoflora,,,N,,
,Vulpia,,octoflora,var.,glauca,N,,
,Vulpia,,octoflora,var.,octoflora,N,,
,Zizania,,aquatica,var.,aquatica,N,W,
,Zizania,,palustris,,,N,,
,Zizania,,palustris,var.,interior,N,,
,Zizania,,palustris,var.,palustris,N,,
,Collomia,,linearis,,,N,,
,Phlox,,divaricata,var.,laphamii,N,,
,Phlox,,maculata,,,N,SC,
,Phlox,,paniculata,,,I,,
,Phlox,,pilosa,var.,fulgida,N,,
,Phlox,,subulata,subsp.,subulata,I,,
,Polemonium,,occidentale,subsp.,lacustre,N,E,
,Polemonium,,reptans,var.,reptans,N,,
,Polygala,,cruciata,,,N,E,
,Polygala,,paucifolia,,,N,,
,Polygala,,polygama,var.,obtusata,N,,
,Polygala,,sanguinea,,,N,,
,Polygala,,senega,,,N,,
,Polygala,,verticillata,var.,isocycla,N,,
,Bistorta,,vivipara,,,N,T,
,Fagopyrum,,esculentum,,,I,,
,Fallopia,X,bohemica,,,I,,
,Fallopia,,cilinodis,,,N,,
,Fallopia,,convolvulus,,,I,,
,Fallopia,,japonica,var.,japonica,I,,
,Fallopia,,scandens,,,N,,
,Persicaria,,amphibia,,,N,,
,Persicaria,,arifolia,,,N,,
,Persicaria,,careyi,,,N,SC,
,Persicaria,,hydropiper,,,I,,
,Persicaria,,hydropiperoides,,,N,H,
,Persicaria,,lapathifolia,,,N,,
,Persicaria,,maculosa,,,I,,
,Persicaria,,orientalis,,,I,,
,Persicaria,,pensylvanica,,,N,,
,Persicaria,,punctata,,,N,,
,Persicaria,,sagittata,,,N,,
,Persicaria,,virginiana,,,N,,
,Polygonella,,articulata,,,N,,
,Polygonum,,achoreum,,,N,,
,Polygonum,,aviculare,,,I,,
,Polygonum,,aviculare,subsp.,aviculare,I,,
,Polygonum,,aviculare,subsp.,buxiforme,N,,
,Polygonum,,aviculare,subsp.,depressum,I,,
,Polygonum,,aviculare,subsp.,neglectum,I,,
,Polygonum,,douglasii,,,N,,
,Polygonum,,erectum,,,N,,
,Polygonum,,ramosissimum,,,N,,
,Polygonum,,ramosissimum,subsp.,prolificum,N,,
,Polygonum,,ramosissimum,subsp.,ramosissimum,N,,
,Polygonum,,tenue,,,N,,
,Rumex,,acetosa,,,I,,
,Rumex,,acetosella,,,I,,
,Rumex,,altissimus,,,N,,
,Rumex,,britannica,,,N,,
,Rumex,,crispus,,,I,,
,Rumex,,fueginus,,,N,,
,Rumex,,longifolius,,,I,,
,Rumex,,obtusifolius,,,I,,
,Rumex,,patientia,,,I,,
,Rumex,,pseudonatronatus,,,I,,
,Rumex,,stenophyllus,,,I,,
,Rumex,,triangulivalvis,,,N,,
,Rumex,,verticillatus,,,N,,
,Polypodium,,virginianum,,,N,,
,Heteranthera,,dubia,,,N,,
,Heteranthera,,limosa,,,N,T,
,Pontederia,,cordata,,,N,,
,Claytonia,,caroliniana,,,N,,
,Claytonia,,virginica,,,N,,
,Montia,,chamissoi,,,N,E,
,Phemeranthus,,parviflorus,,,N,,
,Phemeranthus,,rugospermus,,,N,T,
,Portulaca,,oleracea,,,I,,
,Potamogeton,,alpinus,,,N,,
,Potamogeton,,amplifolius,,,N,,
,Potamogeton,,bicupulatus,,,N,E,
,Potamogeton,,confervoides,,,N,W,
,Potamogeton,,crispus,,,I,,PI
,Potamogeton,,diversifolius,,,N,E,
,Potamogeton,,epihydrus,,,N,,
,Potamogeton,,foliosus,subsp.,foliosus,N,,
,Potamogeton,,friesii,,,N,,
,Potamogeton,,gramineus,,,N,,
,Potamogeton,X,hagstroemii,,,N,W,
,Potamogeton,X,haynesii,,,N,W,
,Potamogeton,,illinoensis,,,N,,
,Potamogeton,,natans,,,N,,
,Potamogeton,,nodosus,,,N,,
,Potamogeton,,oakesianus,,,N,E,
,Potamogeton,,obtusifolius,,,N,,
,Potamogeton,,praelongus,,,N,,
,Potamogeton,,pulcher,,,N,E,
,Potamogeton,,pusillus,,,N,,
,Potamogeton,,pusillus,subsp.,pusillus,N,,
,Potamogeton,,pusillus,subsp.,tenuissimus,N,,
,Potamogeton,,richardsonii,,,N,,
,Potamogeton,,robbinsii,,,N,,
,Potamogeton,,spirillus,,,N,,
,Potamogeton,,strictifolius,,,N,,
,Potamogeton,,vaseyi,,,N,,
,Potamogeton,,zosteriformis,,,N,,
,Stuckenia,,filiformis,,,N,,
,Stuckenia,,filiformis,subsp.,alpina,N,,
,Stuckenia,,filiformis,subsp.,occidentalis,N,,
,Stuckenia,,pectinata,,,N,,
,Stuckenia,,vaginata,,,N,E,
,Anagallis,,arvensis,,,I,,
,Anagallis,,minima,,,N,H,
,Androsace,,occidentalis,,,N,,
,Androsace,,septentrionalis,,,N,SC,
,Dodecatheon,,amethystinum,,,N,W,
,Dodecatheon,,meadia,,,N,E,
,Lysimachia,,ciliata,,,N,,
,Lysimachia,X,commixta,,,N,,
,Lysimachia,,hybrida,,,N,,
,Lysimachia,,maritima,,,N,E,
,Lysimachia,,nummularia,,,I,,
,Lysimachia,,quadriflora,,,N,,
,Lysimachia,,quadrifolia,,,N,SC,
,Lysimachia,,terrestris,,,N,,
,Lysimachia,,thyrsiflora,,,N,,
,Primula,,mistassinica,,,N,,
,Trientalis,,borealis,,,N,,
,Adiantum,,pedatum,,,N,,
,Cheilanthes,,feei,,,N,,
,Cryptogramma,,stelleri,,,N,,
,Pellaea,,atropurpurea,,,N,SC,
,Pellaea,,glabella,subsp.,glabella,N,,
,Chimaphila,,umbellata,subsp.,umbellata,N,,
,Moneses,,uniflora,,,N,,
,Pyrola,,americana,,,N,,
,Pyrola,,asarifolia,subsp.,asarifolia,N,,
,Pyrola,,chlorantha,,,N,,
,Pyrola,,elliptica,,,N,,
,Pyrola,,minor,,,N,SC,
,Actaea,,pachypoda,,,N,,
,Actaea,,rubra,,,N,,
,Anemone,,acutiloba,,,N,,
,Anemone,,americana,,,N,,
,Anemone,,canadensis,,,N,,
,Anemone,,caroliniana,,,N,,
,Anemone,,cylindrica,,,N,,
,Anemone,,multifida,var.,multifida,U,H,
,Anemone,,patens,var.,multifida,N,,
,Anemone,,quinquefolia,var.,quinquefolia,N,,
,Anemone,,virginiana,,,N,,
,Anemone,,virginiana,var.,alba,N,,
,Anemone,,virginiana,var.,virginiana,N,,
,Aquilegia,,canadensis,,,N,,
,Caltha,,natans,,,N,E,
,Caltha,,palustris,,,N,,
,Clematis,,occidentalis,var.,occidentalis,N,,
,Clematis,,virginiana,,,N,,
,Coptis,,trifolia,,,N,,
,Delphinium,,carolinianum,subsp.,virescens,N,,
,Enemion,,biternatum,,,N,,
,Hydrastis,,canadensis,,,N,E,
,Myosurus,,minimus,,,N,,
,Ranunculus,,abortivus,,,N,,
,Ranunculus,,acris,,,I,,
,Ranunculus,,aquatilis,var.,diffusus,N,,
,Ranunculus,,cymbalaria,,,N,,
,Ranunculus,,fascicularis,,,N,,
,Ranunculus,,flabellaris,,,N,,
,Ranunculus,,flammula,,,N,,
,Ranunculus,,flammula,var.,ovalis,N,,
,Ranunculus,,flammula,var.,reptans,N,,
,Ranunculus,,gmelinii,,,N,,
,Ranunculus,,hispidus,,,N,,
,Ranunculus,,hispidus,var.,caricetorum,N,,
,Ranunculus,,hispidus,var.,nitidus,N,,
,Ranunculus,,lapponicus,,,N,SC,
,Ranunculus,,macounii,,,N,,
,Ranunculus,,pensylvanicus,,,N,,
,Ranunculus,,recurvatus,var.,recurvatus,N,,
,Ranunculus,,repens,,,I,,
,Ranunculus,,rhomboideus,,,N,,
,Ranunculus,,sceleratus,,,N,,
,Ranunculus,,sceleratus,var.,multifidus,N,,
,Ranunculus,,sceleratus,var.,sceleratus,N,,
,Thalictrum,,dasycarpum,,,N,,
,Thalictrum,,dioicum,,,N,,
,Thalictrum,,revolutum,,,N,W,
,Thalictrum,,thalictroides,,,N,,
,Thalictrum,,venulosum,,,N,,
,Ceanothus,,americanus,var.,pitcheri,N,,
,Ceanothus,,herbaceus,,,N,,
,Frangula,,alnus,,,I,,RN
,Rhamnus,,alnifolia,,,N,,
,Rhamnus,,cathartica,,,I,,RN
,Agrimonia,,gryposepala,,,N,,
,Agrimonia,,pubescens,,,N,,
,Agrimonia,,striata,,,N,,
,Amelanchier,,alnifolia,,,N,,
,Amelanchier,,arborea,,,N,,
,Amelanchier,,bartramiana,,,N,,
,Amelanchier,,humilis,,,N,,
,Amelanchier,,interior,,,N,,
,Amelanchier,X,intermedia,,,N,,
,Amelanchier,,laevis,,,N,,
,Amelanchier,,sanguinea,,,N,,
,Amelanchier,,spicata,,,N,,
,Aronia,,melanocarpa,,,N,,
,Chamaerhodos,,erecta,,,N,,
,Crataegus,,calpodendron,,,N,SC,
,Crataegus,,chrysocarpa,,,N,,
,Crataegus,,coccinea,,,N,H,
,Crataegus,,douglasii,,,N,SC,
,Crataegus,,flabellata,,,N,,
,Crataegus,,macracantha,,,N,,
,Crataegus,,macrosperma,,,N,,
,Crataegus,,mollis,,,N,,
,Crataegus,,punctata,,,N,,
,Crataegus,,scabrida,,,N,H,
,Crataegus,,sheridana,,,N,,
,Crataegus,,submollis,,,N,,
,Crataegus,,succulenta,,,N,,
,Dasiphora,,fruticosa,,,N,,
,Fragaria,,vesca,var.,americana,N,,
,Fragaria,,virginiana,,,N,,
,Geum,,aleppicum,var.,strictum,N,,
,Geum,,canadense,,,N,,
,Geum,,laciniatum,,,N,W,
,Geum,,macrophyllum,var.,perincisum,N,,
,Geum,,rivale,,,N,,
,Geum,,triflorum,,,N,,
,Malus,,ioensis,,,N,,
,Physocarpus,,opulifolius,,,N,,
,Physocarpus,,opulifolius,var.,intermedius,N,,
,Physocarpus,,opulifolius,var.,opulifolius,N,,
,Potentilla,,anserina,,,N,,
,Potentilla,,argentea,,,I,,
,Potentilla,,arguta,subsp.,arguta,N,,
,Potentilla,,effusa,,,N,H,
,Potentilla,,flabelliformis,,,N,W,
,Potentilla,,norvegica,,,N,,
,Potentilla,,palustris,,,N,,
,Potentilla,,paradoxa,,,N,W,
,Potentilla,,pensylvanica,,,N,,
,Potentilla,,pensylvanica,var.,arida,N,,
,Potentilla,,pensylvanica,var.,bipinnatifida,N,,
,Potentilla,,pensylvanica,var.,pensylvanica,N,,
,Potentilla,,recta,,,I,,
,Potentilla,,rivalis,,,N,,
,Potentilla,,simplex,,,N,,
,Prunus,,americana,,,N,,
,Prunus,,nigra,,,N,,
,Prunus,,pensylvanica,,,N,,
,Prunus,,pumila,,,N,,
,Prunus,,pumila,var.,besseyi,N,,
,Prunus,,pumila,var.,pumila,N,,
,Prunus,,serotina,,,N,,
,Prunus,,susquehanae,,,N,,
,Prunus,,virginiana,,,N,,
,Rosa,,acicularis,subsp.,sayi,N,,
,Rosa,,arkansana,,,N,,
,Rosa,,blanda,,,N,,
,Rosa,X,dulcissima,,,N,,
,Rosa,,woodsii,var.,woodsii,N,,
,Rubus,,ablatus,,,N,,
,Rubus,,acridens,,,N,,
,Rubus,,allegheniensis,,,N,,
,Rubus,,alumnus,,,N,,
,Rubus,,arcticus,subsp.,acaulis,N,,
,Rubus,,canadensis,,,N,,
,Rubus,,chamaemorus,,,N,T,
,Rubus,,dissensus,,,N,,
,Rubus,,ferrofluvius,,,N,,
,Rubus,,flagellaris,,,N,,
,Rubus,,frondosus,,,N,,
,Rubus,,fulleri,,,N,T,
,Rubus,,groutianus,,,N,,
,Rubus,,hispidus,,,U,,
,Rubus,,idaeus,var.,strigosus,N,,
,Rubus,,ithacanus,,,N,,
,Rubus,,missouricus,,,N,E,
,Rubus,,multifer,,,N,SC,
,Rubus,X,neglectus,,,N,,
,Rubus,,occidentalis,,,N,,
,Rubus,,parviflorus,,,N,,
,Rubus,,plicatifolius,,,N,,
,Rubus,,pubescens,,,N,,
,Rubus,,quaesitus,,,N,SC,
,Rubus,,recurvans,,,N,,
,Rubus,,regionalis,,,N,,
,Rubus,,rosa,,,N,,
,Rubus,,satis,,,N,,
,Rubus,,semisetosus,,,N,T,
,Rubus,,steelei,,,N,,
,Rubus,,stipulatus,,,N,E,
,Rubus,,superioris,,,N,,
,Rubus,,uniformis,,,N,,
,Rubus,,vermontanus,,,N,SC,
,Rubus,,wheeleri,,,N,W,
,Rubus,,wisconsinensis,,,N,,
,Sibbaldiopsis,,tridentata,,,N,,
,Sorbus,,americana,,,N,,
,Sorbus,,aucuparia,,,I,,
,Sorbus,,decora,,,N,,
,Spiraea,,alba,,,N,,
,Spiraea,,alba,var.,alba,N,,
,Spiraea,,alba,var.,latifolia,N,,
,Spiraea,,tomentosa,var.,rosea,N,,
,Waldsteinia,,fragarioides,,,N,SC,
,Cephalanthus,,occidentalis,,,N,,
,Galium,,aparine,,,N,,
,Galium,,asprellum,,,N,,
,Galium,,boreale,,,N,,
,Galium,,circaezans,var.,hypomalacum,N,W,
,Galium,,concinnum,,,N,,
,Galium,,labradoricum,,,N,,
,Galium,,mollugo,,,I,,
,Galium,,obtusum,subsp.,obtusum,N,,
,Galium,,tinctorium,var.,tinctorium,N,,
,Galium,,trifidum,subsp.,trifidum,N,,
,Galium,,triflorum,,,N,,
,Galium,,verum,,,I,,
,Hedyotis,,longifolia,,,N,,
,Mitchella,,repens,,,N,,
,Ruppia,,cirrhosa,,,N,SC,
,Zanthoxylum,,americanum,,,N,,
,Populus,,alba,,,I,,
,Populus,,balsamifera,,,N,,
,Populus,,deltoides,subsp.,monilifera,N,,
,Populus,,grandidentata,,,N,,
,Populus,X,jackii,,,N,,
,Populus,,tremuloides,,,N,,
,Salix,,amygdaloides,,,N,,
,Salix,,bebbiana,,,N,,
,Salix,,candida,,,N,,
,Salix,,discolor,,,N,,
,Salix,,eriocephala,,,N,,
,Salix,,famelica,,,N,,
,Salix,,fragilis,,,I,,
,Salix,,humilis,,,N,,
,Salix,,humilis,var.,humilis,N,,
,Salix,,humilis,var.,tristis,N,,
,Salix,,interior,,,N,,
,Salix,,lucida,,,N,,
,Salix,,maccalliana,,,N,SC,
,Salix,,nigra,,,N,,
,Salix,,pedicellaris,,,N,,
,Salix,,pellita,,,N,T,
,Salix,,pentandra,,,I,,
,Salix,,petiolaris,,,N,,
,Salix,,planifolia,,,N,,
,Salix,,pseudomonticola,,,N,SC,
,Salix,,pyrifolia,,,N,,
,Salix,X,rubens,,,I,,
,Salix,,sericea,,,N,,
,Salix,,serissima,,,N,,
,Comandra,,umbellata,,,N,,
,Comandra,,umbellata,var.,pallida,N,,
,Comandra,,umbellata,subsp.,umbellata,N,,
,Geocaulon,,lividum,,,N,,
,Sarracenia,,purpurea,subsp.,purpurea,N,,
,Chrysosplenium,,americanum,,,N,,
,Chrysosplenium,,iowense,,,N,E,
,Heuchera,,richardsonii,,,N,,
,Micranthes,,pensylvanica,,,N,,
,Micranthes,,virginiensis,,,N,,
,Mitella,,diphylla,,,N,,
,Mitella,,nuda,,,N,,
,Parnassia,,glauca,,,N,,
,Parnassia,,palustris,,,N,,
,Penthorum,,sedoides,,,N,,
,Saxifraga,,cernua,,,N,E,
,Saxifraga,,paniculata,,,N,SC,
,Sullivantia,,sullivantii,,,N,T,
,Scheuchzeria,,palustris,,,N,,
,Aureolaria,,grandiflora,var.,pulchra,N,H,
,Aureolaria,,pedicularia,,,N,T,
,Bacopa,,rotundifolia,,,N,T,
,Besseya,,bullii,,,N,T,
,Castilleja,,coccinea,,,N,,
,Castilleja,,septentrionalis,,,N,E,
,Castilleja,,sessiliflora,,,N,,
,Chaenorrhinum,,minus,,,I,,
,Chelone,,glabra,,,N,,
,Chelone,,obliqua,,,N,,
,Digitalis,,grandiflora,,,I,,
,Digitalis,,lanata,,,I,,SN
,Euphrasia,,hudsoniana,var.,ramosior,N,SC,
,Euphrasia,,officinalis,,,I,W,
,Gratiola,,neglecta,,,N,,
,Limosella,,aquatica,,,N,SC,
,Linaria,,dalmatica,,,I,,
,Linaria,,vulgaris,,,I,,
,Lindernia,,dubia,,,N,,
,Lindernia,,dubia,var.,anagallidea,N,,
,Lindernia,,dubia,var.,dubia,N,,
,Melampyrum,,lineare,,,N,,
,Melampyrum,,lineare,var.,americanum,N,,
,Melampyrum,,lineare,var.,lineare,N,,
,Mimulus,,glabratus,var.,fremontii,N,,
,Mimulus,,ringens,var.,ringens,N,,
,Nuttallanthus,,canadensis,,,N,SC,
,Orthocarpus,,luteus,,,N,,
,Pedicularis,,canadensis,,,N,,
,Pedicularis,,lanceolata,,,N,,
,Penstemon,,albidus,,,N,,
,Penstemon,,digitalis,,,U,W,
,Penstemon,,gracilis,,,N,,
,Penstemon,,grandiflorus,,,N,,
,Penstemon,,pallidus,,,N,W,
,Scrophularia,,lanceolata,,,N,,
,Scrophularia,,marilandica,,,N,,
,Verbascum,,blattaria,,,I,,
,Verbascum,,thapsus,,,I,,
,Veronicastrum,,virginicum,,,N,,
,Selaginella,,rupestris,,,N,,
,Selaginella,,selaginoides,,,N,E,
,Smilax,,ecirrhata,,,N,,
,Smilax,,herbacea,,,N,,
,Smilax,,illinoensis,,,N,,
,Smilax,,lasioneura,,,N,,
,Smilax,,tamnoides,,,N,,
,Datura,,stramonium,,,I,,
,Datura,,wrightii,,,I,,
,Leucophysalis,,grandiflora,,,N,,
,Lycium,,barbarum,,,I,,
,Physalis,,heterophylla,var.,heterophylla,N,,
,Physalis,,pubescens,var.,grisea,I,,
,Physalis,,virginiana,,,N,,
,Solanum,,carolinense,,,I,,RS
,Solanum,,dulcamara,,,I,,
,Solanum,,nigrum,var.,virginicum,N,,
,Solanum,,rostratum,,,N,,
,Solanum,,triflorum,,,I,,
,Sparganium,,americanum,,,N,,
,Sparganium,,androcladum,,,N,,
,Sparganium,,angustifolium,,,N,,
,Sparganium,,emersum,,,N,,
,Sparganium,,eurycarpum,,,N,,
,Sparganium,,fluctuans,,,N,,
,Sparganium,,glomeratum,,,N,,
,Sparganium,,natans,,,N,,
,Staphylea,,trifolia,,,N,,
,Taxus,,canadensis,,,N,,
,Phegopteris,,connectilis,,,N,,
,Phegopteris,,hexagonoptera,,,N,E,
,Thelypteris,,palustris,var.,pubescens,N,,
,Dirca,,palustris,,,N,,
,Tilia,,americana,,,N,,
,Typha,,angustifolia,,,I,,
,Typha,X,glauca,,,I,,
,Typha,,latifolia,,,N,,
,Celtis,,occidentalis,,,N,,
,Ulmus,,americana,,,N,,
,Ulmus,,pumila,,,I,,
,Ulmus,,rubra,,,N,,
,Ulmus,,thomasii,,,N,,
,Boehmeria,,cylindrica,,,N,,
,Laportea,,canadensis,,,N,,
,Parietaria,,pensylvanica,,,N,,
,Pilea,,fontana,,,N,,
,Pilea,,pumila,,,N,,
,Urtica,,dioica,subsp.,gracilis,I,,
,Valeriana,,edulis,var.,ciliata,N,T,
,Valeriana,,officinalis,,,I,,
,Phryma,,leptostachya,,,N,,
,Phyla,,lanceolata,,,N,,
,Verbena,,bracteata,,,I,,
,Verbena,X,deamii,,,N,H,
,Verbena,,hastata,,,N,,
,Verbena,X,perriana,,,N,H,
,Verbena,,simplex,,,N,SC,
,Verbena,,stricta,,,N,,
,Verbena,,urticifolia,,,N,,
,Hybanthus,,concolor,,,N,E,
,Viola,,adunca,,,N,,
,Viola,,blanda,,,N,,
,Viola,,canadensis,var.,rugulosa,N,,
,Viola,,conspersa,,,N,,
,Viola,,cucullata,,,N,,
,Viola,,lanceolata,,,N,T,
,Viola,,macloskeyi,var.,pallens,N,,
,Viola,,nephrophylla,,,N,,
,Viola,,novae-angliae,,,N,,
,Viola,,nuttallii,,,N,T,
,Viola,,palmata,var.,pedatifida,N,,
,Viola,,pedata,,,N,,
,Viola,X,primulifolia,,,N,W,
,Viola,,pubescens,,,N,,
,Viola,,renifolia,,,N,,
,Viola,,sagittata,,,N,,
,Viola,,selkirkii,,,N,,
,Viola,,sororia,,,N,,
,Viola,,tricolor,,,I,,
,Arceuthobium,,pusillum,,,N,,
,Parthenocissus,,quinquefolia,,,N,,
,Parthenocissus,,vitacea,,,N,,
,Vitis,,aestivalis,var.,bicolor,N,T,
,Vitis,,riparia,,,N,,
,Xyris,,montana,,,N,SC,
,Xyris,,torta,,,N,E,
,Zannichellia,,palustris,,,N,,
,Tribulus,,terrestris,,,I,,
,Botrychium,,crenulatum,,,N,,
,Carex,,laxiculmis,var.,copulata,N,T,
,Centaurea,,jacea,,,I,,
,Leucospora,,multifida,,,N,,
,Rorippa,,sphaerocarpa,,,N,,
,Solidago,,lepida,var.,lepida,N,,
